run,round,cpu_usage,memory,time
1,0,0,0,20:43:57.291
1,1,0.000000,77264480,20:43:57.334
1,2,33.333333,84077240,20:43:57.365
1,3,16.666667,85337680,20:43:57.394
1,4,25.806452,87860128,20:43:57.412
1,5,20.754717,89589056,20:43:57.451
1,6,42.307692,91386360,20:43:57.470
1,7,25.000000,91572760,20:43:57.497
1,8,28.358209,93479104,20:43:57.545
1,9,25.316456,94517888,20:43:57.586
1,10,34.042553,96396880,20:43:57.617
1,11,40.000000,96546232,20:43:57.646
1,12,46.341463,99248696,20:43:57.686
1,13,51.515152,102552568,20:43:57.713
1,14,36.666667,106842088,20:43:57.754
1,15,11.111111,109465296,20:43:57.777
1,16,17.647059,110509720,20:43:57.800
1,17,12.631579,119649504,20:43:57.863
1,18,17.142857,119822784,20:43:57.880
1,19,16.923077,121675040,20:43:57.921
1,20,18.181818,125745232,20:43:57.944
1,21,15.217391,127594128,20:43:57.975
1,22,23.529412,130821992,20:43:58.004
1,23,19.565217,132628040,20:43:58.035
1,24,22.580645,134324232,20:43:58.046
1,25,23.076923,138450752,20:43:58.091
1,26,26.086957,142039608,20:43:58.116
1,27,22.580645,146049656,20:43:58.136
1,28,22.857143,147904576,20:43:58.162
1,29,18.644068,152012120,20:43:58.200
1,30,16.666667,153863584,20:43:58.232
1,31,10.869565,157342008,20:43:58.261
1,32,20.000000,161397976,20:43:58.283
1,33,5.263158,166320504,20:43:58.303
1,34,20.000000,169066704,20:43:58.319
1,35,10.000000,172992560,20:43:58.335
1,36,9.375000,176402112,20:43:58.354
1,37,17.500000,180765104,20:43:58.378
1,38,20.000000,184319184,20:43:58.390
1,39,20.000000,190082752,20:43:58.417
1,40,20.833333,194878984,20:43:58.435
1,41,22.222222,198339016,20:43:58.451
1,42,21.052632,201708632,20:43:58.464
1,43,17.857143,205196616,20:43:58.479
1,44,15.000000,208629008,20:43:58.492
1,45,23.076923,211285424,20:43:58.504
1,46,7.547170,214770304,20:43:58.536
1,47,14.285714,219042928,20:43:58.552
1,48,18.750000,225360560,20:43:58.565
1,49,17.142857,231173288,20:43:58.584
1,50,16.666667,236293752,20:43:58.600
1,51,18.181818,239888696,20:43:58.612
1,52,25.000000,243367152,20:43:58.625
1,53,10.526316,248276320,20:43:58.636
1,54,15.000000,254879720,20:43:58.649
1,55,20.000000,258548928,20:43:58.660
1,56,16.666667,265414448,20:43:58.672
1,57,21.428571,62538416,20:43:58.693
1,58,25.000000,73926424,20:43:58.705
1,59,17.241379,79869624,20:43:58.719
1,60,21.428571,84752896,20:43:58.731
1,61,20.000000,90421296,20:43:58.743
1,62,16.666667,95831264,20:43:58.758
1,63,15.384615,101478576,20:43:58.771
1,64,11.363636,107349832,20:43:58.800
1,65,21.052632,112878352,20:43:58.812
1,66,12.244898,119094112,20:43:58.836
1,67,10.000000,124796208,20:43:58.849
1,68,13.636364,130426672,20:43:58.861
1,69,11.111111,137406760,20:43:58.883
1,70,13.333333,142380992,20:43:58.895
1,71,11.111111,150345912,20:43:58.910
1,72,10.000000,155201656,20:43:58.927
1,73,23.529412,162103872,20:43:58.940
1,74,13.333333,169315136,20:43:58.962
1,75,20.000000,175507376,20:43:58.974
1,76,15.555556,182857832,20:43:58.999
1,77,20.000000,189940168,20:43:59.016
1,78,25.000000,196680448,20:43:59.040
1,79,10.000000,204505792,20:43:59.060
1,80,14.285714,209083448,20:43:59.076
1,81,14.285714,217008040,20:43:59.106
1,82,21.052632,222345848,20:43:59.119
1,83,13.043478,229183720,20:43:59.131
1,84,25.000000,235950440,20:43:59.144
1,85,21.739130,243486736,20:43:59.157
1,86,21.052632,250995032,20:43:59.170
1,87,19.354839,258161568,20:43:59.189
1,88,19.047619,264782936,20:43:59.202
1,89,24.242424,62966080,20:43:59.220
1,90,5.555556,76681232,20:43:59.241
1,91,14.285714,82581400,20:43:59.256
1,92,9.523810,88732200,20:43:59.273
1,93,20.000000,96801168,20:43:59.289
1,94,10.000000,102674928,20:43:59.304
1,95,14.285714,110957904,20:43:59.318
1,96,23.529412,118307632,20:43:59.333
1,97,7.407407,126898144,20:43:59.348
1,98,12.000000,135624848,20:43:59.364
1,99,7.407407,141929064,20:43:59.378
1,100,15.789474,150202616,20:43:59.392
1,101,10.714286,159463712,20:43:59.410
1,102,9.523810,167071888,20:43:59.423
1,103,10.000000,175393344,20:43:59.444
1,104,11.538462,184562104,20:43:59.461
1,105,6.250000,192116080,20:43:59.484
1,106,13.636364,200112560,20:43:59.497
1,107,10.526316,207035592,20:43:59.511
1,108,12.000000,215470008,20:43:59.526
1,109,11.764706,224773480,20:43:59.540
1,110,8.695652,233157904,20:43:59.554
1,111,11.111111,244105064,20:43:59.568
1,112,15.789474,252840968,20:43:59.583
1,113,13.793103,263631696,20:43:59.599
1,114,19.354839,271207896,20:43:59.622
1,115,6.666667,285501112,20:43:59.640
1,116,13.888889,292630352,20:43:59.662
1,117,16.666667,302355152,20:43:59.680
1,118,15.151515,312347880,20:43:59.699
1,119,17.241379,321856192,20:43:59.719
1,120,13.888889,331144072,20:43:59.739
1,121,24.000000,341604072,20:43:59.757
1,122,21.212121,351761216,20:43:59.777
1,123,30.769231,69328192,20:43:59.801
1,124,12.500000,80954704,20:43:59.815
1,125,3.333333,90091192,20:43:59.830
1,126,14.814815,98447368,20:43:59.845
1,127,6.896552,111963888,20:43:59.861
1,128,12.121212,121709896,20:43:59.879
1,129,16.666667,136167624,20:43:59.897
1,130,8.695652,146590040,20:43:59.912
1,131,16.000000,155885488,20:43:59.929
1,132,16.666667,167088504,20:43:59.945
1,133,11.111111,176283776,20:43:59.963
1,134,10.714286,187080704,20:43:59.979
1,135,7.692308,196053296,20:43:59.997
1,136,12.500000,209875336,20:44:00.013
1,137,6.896552,219715728,20:44:00.029
1,138,12.500000,229204592,20:44:00.046
1,139,15.000000,241120072,20:44:00.063
1,140,13.793103,252551480,20:44:00.079
1,141,25.000000,262871168,20:44:00.097
1,142,21.052632,273766368,20:44:00.113
1,143,16.666667,284774552,20:44:00.128
1,144,6.896552,295309112,20:44:00.143
1,145,15.384615,307820296,20:44:00.159
1,146,21.739130,321129160,20:44:00.175
1,147,18.518519,331422792,20:44:00.193
1,148,15.151515,344433536,20:44:00.210
1,149,18.518519,357419136,20:44:00.226
1,150,21.621622,76212496,20:44:00.251
1,151,14.285714,89753840,20:44:00.269
1,152,11.111111,104084184,20:44:00.289
1,153,12.000000,112203464,20:44:00.307
1,154,7.692308,126281072,20:44:00.325
1,155,18.518519,141366656,20:44:00.342
1,156,9.090909,156488952,20:44:00.361
1,157,8.333333,163611304,20:44:00.380
1,158,12.903226,177974496,20:44:00.402
1,159,8.571429,192772136,20:44:00.419
1,160,7.500000,201937152,20:44:00.439
1,161,8.333333,215148680,20:44:00.457
1,162,9.677419,229702576,20:44:00.475
1,163,11.538462,244497728,20:44:00.493
1,164,15.151515,255875392,20:44:00.515
1,165,7.500000,266918200,20:44:00.536
1,166,8.571429,281728872,20:44:00.557
1,167,15.151515,296094168,20:44:00.577
1,168,17.391304,310742240,20:44:00.593
1,169,7.894737,319329488,20:44:00.611
1,170,16.666667,333172752,20:44:00.628
1,171,15.384615,347576232,20:44:00.646
1,172,11.538462,361804840,20:44:00.662
1,173,6.250000,376120848,20:44:00.681
1,174,4.545455,390530592,20:44:00.700
1,175,13.793103,404865320,20:44:00.720
1,176,11.538462,416288096,20:44:00.739
1,177,10.344828,427467720,20:44:00.760
1,178,5.128205,440680744,20:44:00.781
1,179,10.000000,454804376,20:44:00.803
1,180,12.500000,470346072,20:44:00.822
1,181,22.222222,67719480,20:44:00.849
1,182,10.344828,84715376,20:44:00.869
1,183,17.857143,95875080,20:44:00.889
1,184,12.903226,111040976,20:44:00.910
1,185,10.810811,126475128,20:44:00.932
1,186,18.750000,142109512,20:44:00.951
1,187,12.820513,154239456,20:44:00.973
1,188,6.451613,165883000,20:44:00.992
1,189,10.714286,180713576,20:44:01.012
1,190,7.500000,195604952,20:44:01.030
1,191,11.111111,211881784,20:44:01.049
1,192,6.666667,226414280,20:44:01.068
1,193,10.000000,241158968,20:44:01.085
1,194,10.000000,256769856,20:44:01.104
1,195,10.344828,271456344,20:44:01.122
1,196,7.317073,285806184,20:44:01.141
1,197,6.060606,300783280,20:44:01.160
1,198,13.513514,313060144,20:44:01.180
1,199,20.000000,327405168,20:44:01.204
1,200,19.047619,343237792,20:44:01.228
1,201,12.903226,357738216,20:44:01.248
1,202,18.918919,372441224,20:44:01.273
1,203,12.765957,387737472,20:44:01.297
1,204,16.129032,402613744,20:44:01.320
1,205,18.181818,416793624,20:44:01.342
1,206,16.666667,431792344,20:44:01.362
1,207,10.810811,446807120,20:44:01.383
1,208,8.108108,462191984,20:44:01.404
1,209,15.151515,477136432,20:44:01.426
1,210,19.512195,81973656,20:44:01.452
1,211,13.888889,93310488,20:44:01.475
1,212,20.588235,109145752,20:44:01.496
1,213,12.500000,126427872,20:44:01.519
1,214,21.568627,154350440,20:44:01.555
1,215,16.666667,166137528,20:44:01.577
1,216,10.256410,183443512,20:44:01.597
1,217,11.428571,200576424,20:44:01.618
1,218,16.666667,211957768,20:44:01.639
1,219,10.344828,233607704,20:44:01.659
1,220,8.823529,246669040,20:44:01.681
2,0,0,0,20:44:10.117
2,1,0.000000,80518856,20:44:10.157
2,2,19.148936,86873960,20:44:10.194
2,3,36.363636,88068656,20:44:10.213
2,4,21.276596,89294976,20:44:10.241
2,5,22.222222,89562984,20:44:10.263
2,6,23.728814,91474632,20:44:10.303
2,7,23.333333,91584192,20:44:10.318
2,8,26.666667,93342616,20:44:10.337
2,9,21.568627,95646168,20:44:10.366
2,10,41.304348,96656640,20:44:10.396
2,11,36.065574,97758544,20:44:10.443
2,12,46.250000,100541840,20:44:10.492
2,13,43.636364,103642864,20:44:10.559
2,14,33.333333,107784480,20:44:10.606
2,15,31.250000,110313960,20:44:10.642
2,16,37.931034,111597488,20:44:10.661
2,17,48.648649,114730688,20:44:10.694
2,18,28.260870,117585176,20:44:10.724
2,19,22.368421,120248072,20:44:10.769
2,20,31.914894,127557376,20:44:10.798
2,21,28.571429,127934440,20:44:10.818
2,22,18.367347,130461856,20:44:10.852
2,23,26.666667,133066608,20:44:10.875
2,24,24.468085,134973920,20:44:10.933
2,25,20.253165,138220560,20:44:10.978
2,26,28.787879,143188952,20:44:11.025
2,27,28.947368,146074952,20:44:11.074
2,28,32.258065,148052072,20:44:11.094
2,29,14.583333,150960104,20:44:11.123
2,30,17.721519,154439688,20:44:11.168
2,31,16.666667,158453152,20:44:11.179
2,32,31.578947,161342704,20:44:11.210
2,33,16.000000,165435048,20:44:11.229
2,34,10.526316,167972992,20:44:11.244
2,35,9.302326,172160768,20:44:11.268
2,36,22.222222,175749816,20:44:11.282
2,37,13.333333,180934672,20:44:11.297
2,38,20.000000,184643608,20:44:11.312
2,39,21.739130,188577296,20:44:11.328
2,40,23.529412,191963616,20:44:11.340
2,41,18.750000,195352624,20:44:11.354
2,42,16.000000,198999768,20:44:11.367
2,43,25.000000,202537816,20:44:11.379
2,44,12.500000,208960648,20:44:11.400
2,45,14.285714,213861792,20:44:11.415
2,46,10.344828,218267704,20:44:11.430
2,47,21.428571,223174608,20:44:11.445
2,48,23.076923,228793360,20:44:11.460
2,49,10.000000,232188136,20:44:11.472
2,50,26.666667,238078352,20:44:11.483
2,51,9.375000,240957072,20:44:11.497
2,52,14.285714,244596848,20:44:11.510
2,53,18.181818,248182344,20:44:11.522
2,54,14.285714,254234504,20:44:11.538
2,55,8.695652,258724600,20:44:11.550
2,56,8.333333,264495448,20:44:11.565
2,57,24.137931,67242840,20:44:11.584
2,58,14.285714,73946464,20:44:11.598
2,59,14.285714,77794136,20:44:11.611
2,60,12.500000,83455264,20:44:11.625
2,61,6.666667,87306416,20:44:11.638
2,62,10.344828,93265272,20:44:11.658
2,63,8.823529,98741040,20:44:11.680
2,64,14.814815,105731960,20:44:11.700
2,65,7.843137,113246632,20:44:11.733
2,66,13.333333,120323768,20:44:11.747
2,67,26.666667,125285256,20:44:11.764
2,68,20.000000,131025368,20:44:11.777
2,69,21.052632,137627800,20:44:11.790
2,70,16.666667,143228208,20:44:11.807
2,71,17.647059,149638704,20:44:11.818
2,72,12.500000,156329296,20:44:11.831
2,73,18.750000,162185784,20:44:11.843
2,74,9.756098,168549488,20:44:11.874
2,75,9.090909,175123184,20:44:11.887
2,76,9.090909,181559368,20:44:11.902
2,77,10.714286,188989528,20:44:11.919
2,78,14.285714,196590880,20:44:11.937
2,79,19.047619,204237600,20:44:11.950
2,80,20.000000,210545024,20:44:11.962
2,81,31.578947,216478056,20:44:11.975
2,82,14.285714,223056832,20:44:11.986
2,83,17.391304,230354680,20:44:11.999
2,84,23.809524,238652272,20:44:12.013
2,85,23.529412,246500896,20:44:12.026
2,86,20.000000,253614464,20:44:12.043
2,87,20.000000,261331656,20:44:12.058
2,88,13.636364,268742960,20:44:12.071
2,89,26.666667,70969488,20:44:12.089
2,90,21.052632,78556096,20:44:12.101
2,91,13.043478,84067800,20:44:12.113
2,92,9.090909,91378728,20:44:12.135
2,93,8.695652,98480040,20:44:12.149
2,94,8.695652,105442536,20:44:12.162
2,95,11.111111,115249152,20:44:12.176
2,96,8.695652,122612184,20:44:12.190
2,97,8.000000,129965776,20:44:12.204
2,98,15.000000,137600960,20:44:12.216
2,99,9.523810,146663344,20:44:12.228
2,100,15.789474,154338840,20:44:12.241
2,101,18.181818,163242496,20:44:12.257
2,102,13.636364,170622744,20:44:12.272
2,103,6.896552,177875536,20:44:12.292
2,104,13.043478,186341072,20:44:12.306
2,105,9.523810,195600800,20:44:12.320
2,106,17.391304,205132352,20:44:12.334
2,107,8.000000,212439168,20:44:12.346
2,108,10.526316,219952448,20:44:12.358
2,109,15.000000,228179640,20:44:12.372
2,110,6.666667,236824512,20:44:12.388
2,111,8.695652,250223240,20:44:12.402
2,112,12.500000,260080504,20:44:12.416
2,113,16.666667,270494704,20:44:12.430
2,114,15.000000,280284536,20:44:12.445
2,115,21.428571,287802672,20:44:12.465
2,116,23.076923,297318192,20:44:12.481
2,117,23.529412,309686584,20:44:12.499
2,118,16.000000,318465888,20:44:12.516
2,119,13.636364,327982952,20:44:12.532
2,120,25.531915,65653576,20:44:12.562
2,121,18.181818,77634136,20:44:12.579
2,122,21.428571,88453600,20:44:12.596
2,123,22.727273,97895664,20:44:12.613
2,124,7.142857,108908600,20:44:12.628
2,125,15.000000,117466608,20:44:12.643
2,126,11.538462,129836240,20:44:12.659
2,127,15.789474,138683376,20:44:12.675
2,128,13.333333,150384232,20:44:12.692
2,129,12.500000,163440168,20:44:12.709
2,130,9.677419,172325440,20:44:12.730
2,131,11.111111,181945920,20:44:12.747
2,132,10.000000,192391280,20:44:12.764
2,133,12.500000,204591520,20:44:12.780
2,134,11.111111,216607016,20:44:12.796
2,135,9.090909,225003608,20:44:12.812
2,136,6.250000,238430576,20:44:12.828
2,137,12.000000,247400496,20:44:12.843
2,138,9.523810,258558224,20:44:12.857
2,139,10.526316,269056304,20:44:12.872
2,140,14.285714,280093024,20:44:12.889
2,141,26.315789,290505880,20:44:12.905
2,142,29.166667,302606328,20:44:12.920
2,143,15.789474,313623992,20:44:12.934
2,144,12.000000,325017672,20:44:12.950
2,145,21.052632,335513376,20:44:12.970
2,146,20.370370,79828856,20:44:12.989
2,147,25.000000,89904680,20:44:13.006
2,148,22.222222,101218920,20:44:13.022
2,149,16.129032,113892040,20:44:13.039
2,150,23.076923,126502016,20:44:13.058
2,151,16.666667,139498272,20:44:13.073
2,152,8.333333,151340592,20:44:13.088
2,153,10.344828,164091192,20:44:13.106
2,154,10.714286,176306264,20:44:13.124
2,155,10.714286,188813320,20:44:13.142
2,156,10.344828,202146720,20:44:13.165
2,157,14.634146,214456176,20:44:13.187
2,158,10.344828,226710128,20:44:13.209
2,159,11.111111,240040704,20:44:13.229
2,160,9.375000,253024696,20:44:13.251
2,161,12.500000,268049416,20:44:13.272
2,162,16.129032,280710656,20:44:13.292
2,163,11.111111,293099392,20:44:13.308
2,164,9.523810,306414344,20:44:13.324
2,165,21.739130,319934904,20:44:13.341
2,166,9.090909,333040360,20:44:13.358
2,167,11.538462,347966856,20:44:13.376
2,168,16.000000,360240856,20:44:13.394
2,169,10.000000,372846344,20:44:13.413
2,170,9.090909,385727928,20:44:13.432
2,171,8.571429,398602152,20:44:13.451
2,172,13.157895,411203000,20:44:13.472
2,173,18.367347,74120376,20:44:13.496
2,174,7.692308,85147584,20:44:13.514
2,175,10.344828,98213040,20:44:13.532
2,176,5.405405,114653312,20:44:13.549
2,177,13.043478,127634536,20:44:13.567
2,178,11.538462,141253888,20:44:13.584
2,179,10.344828,155360368,20:44:13.602
2,180,5.882353,168831960,20:44:13.619
2,181,12.000000,182606088,20:44:13.637
2,182,9.677419,196075856,20:44:13.655
2,183,11.538462,211519984,20:44:13.673
2,184,7.407407,224788216,20:44:13.691
2,185,11.428571,238230520,20:44:13.709
2,186,8.333333,254504624,20:44:13.727
2,187,12.500000,267842920,20:44:13.744
2,188,10.344828,281017256,20:44:13.763
2,189,9.090909,297313720,20:44:13.783
2,190,12.500000,309938872,20:44:13.802
2,191,15.151515,322763112,20:44:13.820
2,192,6.451613,339366072,20:44:13.839
2,193,22.222222,353048744,20:44:13.858
2,194,6.896552,368782256,20:44:13.879
2,195,13.793103,381811032,20:44:13.900
2,196,12.000000,397875232,20:44:13.918
2,197,14.705882,411554568,20:44:13.941
2,198,18.750000,76770032,20:44:13.970
2,199,16.666667,93249360,20:44:13.990
2,200,19.354839,105790944,20:44:14.012
2,201,14.285714,118969920,20:44:14.036
2,202,16.666667,135130240,20:44:14.055
2,203,16.666667,152879560,20:44:14.076
2,204,16.666667,165942208,20:44:14.098
2,205,21.621622,179095312,20:44:14.121
2,206,11.627907,195345520,20:44:14.141
2,207,8.108108,212753272,20:44:14.160
2,208,12.500000,229093064,20:44:14.181
2,209,10.526316,238481560,20:44:14.200
2,210,14.285714,254832088,20:44:14.220
2,211,16.216216,271003848,20:44:14.242
2,212,15.789474,297112328,20:44:14.264
2,213,25.000000,314428136,20:44:14.289
2,214,10.810811,330778488,20:44:14.311
2,215,8.571429,339936536,20:44:14.331
2,216,12.121212,356646848,20:44:14.350
2,217,15.151515,372579744,20:44:14.370
2,218,9.375000,390504056,20:44:14.390
2,219,11.111111,406525712,20:44:14.409
2,220,8.571429,422173888,20:44:14.430
3,0,0,0,20:44:22.816
3,1,0.000000,74223616,20:44:22.854
3,2,18.867925,81062256,20:44:22.887
3,3,16.666667,82223488,20:44:22.911
3,4,22.222222,83369160,20:44:22.937
3,5,26.315789,83496280,20:44:22.953
3,6,16.000000,85468480,20:44:22.982
3,7,24.000000,85682448,20:44:23.012
3,8,30.000000,87684408,20:44:23.047
3,9,38.888889,88569888,20:44:23.062
3,10,33.333333,89528904,20:44:23.095
3,11,38.709677,90561976,20:44:23.135
3,12,36.000000,93750120,20:44:23.157
3,13,51.063830,94888336,20:44:23.192
3,14,45.454545,99275952,20:44:23.238
3,15,29.166667,106136088,20:44:23.276
3,16,18.750000,109317088,20:44:23.295
3,17,16.666667,116356000,20:44:23.341
3,18,23.529412,117362336,20:44:23.374
3,19,13.636364,120828224,20:44:23.398
3,20,20.000000,122596936,20:44:23.411
3,21,18.421053,125928536,20:44:23.459
3,22,17.543860,127660520,20:44:23.496
3,23,21.875000,129438904,20:44:23.520
3,24,26.881720,133895128,20:44:23.578
3,25,20.930233,136692432,20:44:23.608
3,26,19.444444,138528608,20:44:23.634
3,27,16.666667,140355640,20:44:23.652
3,28,14.583333,145919672,20:44:23.679
3,29,26.666667,149280160,20:44:23.692
3,30,12.903226,154955072,20:44:23.727
3,31,26.315789,156758856,20:44:23.738
3,32,28.571429,160441416,20:44:23.770
3,33,26.666667,162469360,20:44:23.792
3,34,13.888889,167287512,20:44:23.816
3,35,16.666667,170665864,20:44:23.834
3,36,18.181818,173404712,20:44:23.850
3,37,18.750000,177677392,20:44:23.864
3,38,21.428571,181342560,20:44:23.883
3,39,18.518519,185336544,20:44:23.902
3,40,23.076923,190183288,20:44:23.915
3,41,16.666667,193625392,20:44:23.930
3,42,15.000000,197132672,20:44:23.941
3,43,18.750000,200716672,20:44:23.954
3,44,8.333333,205675568,20:44:23.989
3,45,14.285714,209925552,20:44:24.003
3,46,13.333333,213460240,20:44:24.027
3,47,19.047619,217977072,20:44:24.043
3,48,40.000000,222751280,20:44:24.054
3,49,21.875000,228521960,20:44:24.075
3,50,19.230769,232124240,20:44:24.089
3,51,20.000000,235582360,20:44:24.101
3,52,11.538462,240611280,20:44:24.116
3,53,14.285714,244818464,20:44:24.130
3,54,8.695652,249304832,20:44:24.147
3,55,14.285714,254615392,20:44:24.160
3,56,25.000000,258471088,20:44:24.171
3,57,8.333333,263113568,20:44:24.186
3,58,16.666667,64177216,20:44:24.212
3,59,11.764706,72066488,20:44:24.223
3,60,17.241379,78233800,20:44:24.237
3,61,26.666667,83871544,20:44:24.251
3,62,23.076923,88597264,20:44:24.263
3,63,13.333333,94424112,20:44:24.279
3,64,14.285714,101109872,20:44:24.297
3,65,20.000000,107941168,20:44:24.312
3,66,16.666667,114212992,20:44:24.327
3,67,23.529412,120359512,20:44:24.340
3,68,12.500000,126371288,20:44:24.351
3,69,21.052632,131556808,20:44:24.364
3,70,17.391304,137192024,20:44:24.376
3,71,14.285714,143330336,20:44:24.393
3,72,16.000000,152403272,20:44:24.408
3,73,11.764706,156999784,20:44:24.419
3,74,10.000000,164774456,20:44:24.438
3,75,13.636364,170559160,20:44:24.451
3,76,15.000000,178788576,20:44:24.464
3,77,7.142857,183405152,20:44:24.477
3,78,17.647059,192257784,20:44:24.489
3,79,12.500000,197476528,20:44:24.501
3,80,18.518519,206275880,20:44:24.518
3,81,25.000000,212792328,20:44:24.530
3,82,15.000000,218626744,20:44:24.542
3,83,21.052632,226627544,20:44:24.555
3,84,26.315789,233666456,20:44:24.567
3,85,31.578947,240968200,20:44:24.579
3,86,22.222222,248123784,20:44:24.593
3,87,11.764706,255114832,20:44:24.605
3,88,20.000000,264624648,20:44:24.617
3,89,18.181818,269693648,20:44:24.634
3,90,24.000000,73030688,20:44:24.652
3,91,20.000000,81676056,20:44:24.664
3,92,14.285714,88503392,20:44:24.678
3,93,13.636364,96035312,20:44:24.691
3,94,14.285714,104332264,20:44:24.710
3,95,14.285714,110331832,20:44:24.726
3,96,20.000000,117170808,20:44:24.739
3,97,15.000000,125047136,20:44:24.753
3,98,8.695652,133707192,20:44:24.766
3,99,15.789474,142560760,20:44:24.779
3,100,7.692308,150810904,20:44:24.798
3,101,15.000000,156785776,20:44:24.812
3,102,12.000000,165604584,20:44:24.826
3,103,11.111111,173406336,20:44:24.838
3,104,8.333333,182470544,20:44:24.858
3,105,20.000000,190039656,20:44:24.872
3,106,11.111111,198714168,20:44:24.885
3,107,11.111111,207958240,20:44:24.898
3,108,8.333333,216630344,20:44:24.911
3,109,8.000000,225028288,20:44:24.924
3,110,6.896552,233382528,20:44:24.939
3,111,22.222222,241774656,20:44:24.953
3,112,12.000000,253231696,20:44:24.973
3,113,17.241379,261763376,20:44:24.988
3,114,17.647059,273707336,20:44:25.003
3,115,16.666667,282788232,20:44:25.022
3,116,14.285714,292029112,20:44:25.039
3,117,23.529412,301722016,20:44:25.054
3,118,16.666667,311386704,20:44:25.072
3,119,11.428571,320651136,20:44:25.090
3,120,12.500000,330622504,20:44:25.110
3,121,11.764706,341473344,20:44:25.127
3,122,17.857143,351153040,20:44:25.147
3,123,28.125000,74595520,20:44:25.168
3,124,8.000000,82939696,20:44:25.183
3,125,7.142857,95821408,20:44:25.198
3,126,16.666667,105089752,20:44:25.215
3,127,10.344828,117046360,20:44:25.233
3,128,11.764706,129706976,20:44:25.251
3,129,12.500000,140246656,20:44:25.269
3,130,9.677419,150408944,20:44:25.286
3,131,22.222222,161187824,20:44:25.301
3,132,6.666667,170881512,20:44:25.316
3,133,10.000000,180967880,20:44:25.331
3,134,20.833333,191882584,20:44:25.346
3,135,17.647059,201529520,20:44:25.360
3,136,22.727273,211628656,20:44:25.375
3,137,16.000000,224763696,20:44:25.390
3,138,8.695652,236053704,20:44:25.406
3,139,21.052632,246968384,20:44:25.421
3,140,27.272727,255780024,20:44:25.438
3,141,19.047619,266469936,20:44:25.454
3,142,14.285714,277854776,20:44:25.469
3,143,30.000000,290550616,20:44:25.484
3,144,7.142857,302490480,20:44:25.499
3,145,10.000000,314240736,20:44:25.515
3,146,14.285714,326431968,20:44:25.530
3,147,10.344828,339179872,20:44:25.547
3,148,9.090909,351066304,20:44:25.562
3,149,11.904762,74946736,20:44:25.586
3,150,16.666667,88176896,20:44:25.601
3,151,6.250000,101613072,20:44:25.618
3,152,12.903226,115057600,20:44:25.636
3,153,12.000000,124162880,20:44:25.652
3,154,8.333333,138011568,20:44:25.674
3,155,8.695652,151453936,20:44:25.700
3,156,14.705882,164333504,20:44:25.724
3,157,14.285714,178661672,20:44:25.746
3,158,21.052632,191543448,20:44:25.775
3,159,12.195122,205198384,20:44:25.797
3,160,16.000000,212948568,20:44:25.818
3,161,7.692308,226673256,20:44:25.837
3,162,13.043478,239828080,20:44:25.854
3,163,17.241379,252977264,20:44:25.872
3,164,23.076923,266411992,20:44:25.889
3,165,12.500000,280097152,20:44:25.906
3,166,19.047619,292977040,20:44:25.925
3,167,20.000000,306411456,20:44:25.942
3,168,10.526316,319772120,20:44:25.962
3,169,6.060606,333466816,20:44:25.979
3,170,11.111111,346374344,20:44:25.998
3,171,13.043478,359988304,20:44:26.016
3,172,13.043478,372655728,20:44:26.033
3,173,17.142857,386835336,20:44:26.053
3,174,12.500000,399798656,20:44:26.074
3,175,20.000000,413160808,20:44:26.095
3,176,15.000000,426492408,20:44:26.122
3,177,16.666667,440357232,20:44:26.142
3,178,15.625000,452980848,20:44:26.164
3,179,29.032258,79499448,20:44:26.188
3,180,13.793103,93127944,20:44:26.207
3,181,14.285714,107020696,20:44:26.225
3,182,10.714286,121188952,20:44:26.243
3,183,9.677419,135281296,20:44:26.262
3,184,7.692308,149633944,20:44:26.280
3,185,7.142857,163305816,20:44:26.299
3,186,12.000000,176970192,20:44:26.317
3,187,9.090909,190837408,20:44:26.336
3,188,12.000000,204726312,20:44:26.354
3,189,6.250000,218881848,20:44:26.373
3,190,8.823529,233829800,20:44:26.392
3,191,6.976744,247287720,20:44:26.410
3,192,12.500000,262016360,20:44:26.430
3,193,11.538462,276676608,20:44:26.449
3,194,10.714286,291108296,20:44:26.469
3,195,11.111111,304837288,20:44:26.487
3,196,10.810811,319532216,20:44:26.508
3,197,21.212121,333670608,20:44:26.531
3,198,14.705882,347874704,20:44:26.551
3,199,12.195122,362937736,20:44:26.571
3,200,13.888889,377505064,20:44:26.590
3,201,15.789474,391681816,20:44:26.612
3,202,20.588235,407451568,20:44:26.634
3,203,13.888889,422449632,20:44:26.655
3,204,14.705882,437134064,20:44:26.676
3,205,20.000000,452122416,20:44:26.699
3,206,26.315789,80820320,20:44:26.725
3,207,11.111111,98786608,20:44:26.744
3,208,11.764706,122879664,20:44:26.765
3,209,15.789474,137002344,20:44:26.787
3,210,13.157895,151265328,20:44:26.808
3,211,15.625000,169584744,20:44:26.831
3,212,8.823529,183839168,20:44:26.852
3,213,13.513514,199002504,20:44:26.875
3,214,20.689655,213488104,20:44:26.895
3,215,18.421053,231652368,20:44:26.918
3,216,24.242424,245704168,20:44:26.942
3,217,18.181818,259528552,20:44:26.963
3,218,15.151515,277420224,20:44:26.984
3,219,9.090909,291735312,20:44:27.004
3,220,8.333333,306515912,20:44:27.025
4,0,0,0,20:44:35.369
4,1,0.000000,75816272,20:44:35.404
4,2,15.789474,82960096,20:44:35.440
4,3,18.367347,84280336,20:44:35.473
4,4,14.634146,85576272,20:44:35.518
4,5,20.588235,85751560,20:44:35.537
4,6,20.000000,87599080,20:44:35.574
4,7,18.750000,87746696,20:44:35.604
4,8,25.000000,90949016,20:44:35.623
4,9,25.471698,92049200,20:44:35.690
4,10,44.117647,93028272,20:44:35.713
4,11,27.835052,94178520,20:44:35.771
4,12,40.625000,95955720,20:44:35.786
4,13,47.619048,101096824,20:44:35.834
4,14,30.645161,105246912,20:44:35.867
4,15,30.000000,106243904,20:44:35.888
4,16,16.666667,108040056,20:44:35.909
4,17,12.941176,114917112,20:44:35.961
4,18,22.580645,117471912,20:44:35.977
4,19,30.303030,120975888,20:44:36.002
4,20,18.181818,122785672,20:44:36.024
4,21,29.545455,125949056,20:44:36.055
4,22,25.806452,127767064,20:44:36.073
4,23,33.333333,129533048,20:44:36.088
4,24,33.333333,135881056,20:44:36.113
4,25,20.270270,138667712,20:44:36.162
4,26,19.047619,140557560,20:44:36.205
4,27,14.285714,143364896,20:44:36.224
4,28,18.750000,145223512,20:44:36.235
4,29,6.250000,150056368,20:44:36.261
4,30,18.750000,151911208,20:44:36.272
4,31,23.333333,157031008,20:44:36.295
4,32,20.967742,160519832,20:44:36.333
4,33,14.285714,163664560,20:44:36.359
4,34,14.285714,167040752,20:44:36.382
4,35,25.000000,171757880,20:44:36.395
4,36,21.739130,177441376,20:44:36.424
4,37,18.750000,182630448,20:44:36.448
4,38,21.052632,186783240,20:44:36.473
4,39,22.222222,190314320,20:44:36.485
4,40,13.043478,193847248,20:44:36.500
4,41,14.285714,196478920,20:44:36.511
4,42,14.634146,200152232,20:44:36.540
4,43,16.129032,203709408,20:44:36.560
4,44,11.111111,208126856,20:44:36.572
4,45,12.000000,212395024,20:44:36.590
4,46,10.000000,217297656,20:44:36.606
4,47,17.241379,220785288,20:44:36.626
4,48,18.750000,227254952,20:44:36.652
4,49,12.903226,233036600,20:44:36.669
4,50,23.076923,237946056,20:44:36.681
4,51,13.793103,241500824,20:44:36.702
4,52,17.391304,245041072,20:44:36.716
4,53,13.636364,250805000,20:44:36.730
4,54,9.756098,255268312,20:44:36.752
4,55,11.538462,259608008,20:44:36.771
4,56,12.121212,265210136,20:44:36.789
4,57,22.580645,66927328,20:44:36.809
4,58,16.666667,72931576,20:44:36.821
4,59,9.302326,77720944,20:44:36.851
4,60,13.793103,83563864,20:44:36.867
4,61,20.000000,89089448,20:44:36.881
4,62,10.000000,93874248,20:44:36.899
4,63,11.764706,100675888,20:44:36.912
4,64,19.444444,107586832,20:44:36.933
4,65,13.333333,112574456,20:44:36.944
4,66,13.513514,118482040,20:44:36.965
4,67,13.793103,124078296,20:44:36.981
4,68,14.285714,130541416,20:44:37.003
4,69,18.750000,136945896,20:44:37.016
4,70,21.052632,141838872,20:44:37.027
4,71,20.000000,148306472,20:44:37.039
4,72,18.750000,154903696,20:44:37.050
4,73,7.317073,163648448,20:44:37.073
4,74,17.647059,168717072,20:44:37.084
4,75,12.500000,176724792,20:44:37.100
4,76,12.000000,183407344,20:44:37.119
4,77,8.823529,190588504,20:44:37.141
4,78,19.047619,197048888,20:44:37.153
4,79,15.384615,202891232,20:44:37.167
4,80,11.111111,210322040,20:44:37.183
4,81,12.500000,216222680,20:44:37.195
4,82,20.833333,224014288,20:44:37.210
4,83,23.076923,230988168,20:44:37.221
4,84,23.809524,237921120,20:44:37.237
4,85,23.529412,245840200,20:44:37.249
4,86,12.244898,254076968,20:44:37.280
4,87,9.677419,260843224,20:44:37.299
4,88,15.789474,267454256,20:44:37.313
4,89,18.181818,72196336,20:44:37.335
4,90,11.111111,77654968,20:44:37.348
4,91,21.052632,85122440,20:44:37.361
4,92,8.695652,93518272,20:44:37.374
4,93,18.181818,101207904,20:44:37.386
4,94,15.789474,108621536,20:44:37.400
4,95,9.090909,113523696,20:44:37.414
4,96,10.000000,123412264,20:44:37.426
4,97,7.692308,131646472,20:44:37.439
4,98,13.333333,140127192,20:44:37.452
4,99,12.903226,147586864,20:44:37.470
4,100,15.789474,153467576,20:44:37.484
4,101,6.060606,161055776,20:44:37.499
4,102,18.750000,169297184,20:44:37.513
4,103,11.111111,176918376,20:44:37.530
4,104,9.090909,185049960,20:44:37.544
4,105,8.333333,194985680,20:44:37.556
4,106,15.789474,203515240,20:44:37.570
4,107,6.666667,211631568,20:44:37.589
4,108,17.647059,221118448,20:44:37.604
4,109,7.692308,230196888,20:44:37.619
4,110,17.647059,239544552,20:44:37.634
4,111,6.250000,249382584,20:44:37.649
4,112,12.500000,259371880,20:44:37.663
4,113,12.500000,269349168,20:44:37.678
4,114,12.500000,278861240,20:44:37.694
4,115,30.434783,289304072,20:44:37.710
4,116,15.789474,298160640,20:44:37.725
4,117,22.222222,309620736,20:44:37.743
4,118,15.625000,318600536,20:44:37.762
4,119,24.000000,329559408,20:44:37.781
4,120,9.677419,339379776,20:44:37.798
4,121,19.047619,63938120,20:44:37.821
4,122,9.677419,76715736,20:44:37.836
4,123,16.000000,87858856,20:44:37.855
4,124,20.000000,98655584,20:44:37.873
4,125,11.538462,110203200,20:44:37.888
4,126,21.052632,119582400,20:44:37.905
4,127,12.500000,131322448,20:44:37.921
4,128,11.428571,143729704,20:44:37.939
4,129,15.384615,152183640,20:44:37.956
4,130,15.789474,162996016,20:44:37.974
4,131,11.538462,174772576,20:44:37.991
4,132,14.705882,184340600,20:44:38.010
4,133,13.043478,196183888,20:44:38.025
4,134,19.230769,207964064,20:44:38.040
4,135,9.677419,216408672,20:44:38.056
4,136,13.043478,226533200,20:44:38.074
4,137,5.714286,237233840,20:44:38.089
4,138,11.111111,248453864,20:44:38.103
4,139,11.764706,259253600,20:44:38.119
4,140,29.411765,270260256,20:44:38.134
4,141,17.857143,281992392,20:44:38.153
4,142,25.000000,293884664,20:44:38.171
4,143,20.000000,305573760,20:44:38.191
4,144,7.142857,316296712,20:44:38.207
4,145,15.789474,330450008,20:44:38.222
4,146,6.896552,339758384,20:44:38.238
4,147,19.512195,65354224,20:44:38.262
4,148,13.333333,81081440,20:44:38.279
4,149,19.230769,93734552,20:44:38.296
4,150,12.000000,106264560,20:44:38.315
4,151,17.241379,120642944,20:44:38.331
4,152,11.111111,134007352,20:44:38.348
4,153,14.285714,144102320,20:44:38.365
4,154,13.043478,158398912,20:44:38.380
4,155,12.500000,168649272,20:44:38.396
4,156,7.407407,181884008,20:44:38.413
4,157,9.090909,194251808,20:44:38.430
4,158,14.285714,207056384,20:44:38.448
4,159,9.677419,220584048,20:44:38.467
4,160,12.121212,234124176,20:44:38.486
4,161,12.000000,247215880,20:44:38.503
4,162,11.428571,259559216,20:44:38.523
4,163,12.121212,272786488,20:44:38.540
4,164,13.888889,286408576,20:44:38.559
4,165,5.882353,298510264,20:44:38.579
4,166,11.111111,311328144,20:44:38.598
4,167,16.000000,323902528,20:44:38.616
4,168,15.384615,338634320,20:44:38.635
4,169,11.627907,351897872,20:44:38.660
4,170,16.000000,364623424,20:44:38.678
4,171,9.090909,377802936,20:44:38.696
4,172,9.677419,391245712,20:44:38.717
4,173,11.627907,404908848,20:44:38.743
4,174,30.645161,418093528,20:44:38.778
4,175,37.209302,431354504,20:44:38.808
4,176,34.285714,444913664,20:44:38.834
4,177,24.000000,78916504,20:44:38.861
4,178,12.500000,92229776,20:44:38.883
4,179,16.129032,105811648,20:44:38.903
4,180,18.750000,119807792,20:44:38.924
4,181,13.953488,133462320,20:44:38.951
4,182,15.789474,147192064,20:44:38.972
4,183,17.142857,160703808,20:44:38.993
4,184,15.151515,174439312,20:44:39.013
4,185,10.000000,188978936,20:44:39.032
4,186,8.333333,202994848,20:44:39.050
4,187,14.814815,216496944,20:44:39.069
4,188,7.692308,231101768,20:44:39.087
4,189,9.375000,245448944,20:44:39.105
4,190,10.714286,259360336,20:44:39.124
4,191,6.666667,273656952,20:44:39.142
4,192,8.108108,287490048,20:44:39.161
4,193,8.108108,302349600,20:44:39.180
4,194,8.000000,319586216,20:44:39.198
4,195,12.121212,330912704,20:44:39.217
4,196,12.000000,345620992,20:44:39.235
4,197,10.714286,360007496,20:44:39.255
4,198,11.764706,377322832,20:44:39.276
4,199,16.666667,392544344,20:44:39.296
4,200,16.129032,406267384,20:44:39.317
4,201,17.142857,421028736,20:44:39.337
4,202,16.216216,435497976,20:44:39.360
4,203,22.448980,71021208,20:44:39.387
4,204,18.918919,90273960,20:44:39.411
4,205,11.111111,107557048,20:44:39.436
4,206,16.666667,117205888,20:44:39.457
4,207,7.894737,136206744,20:44:39.476
4,208,11.538462,146093152,20:44:39.495
4,209,11.428571,164332424,20:44:39.516
4,210,8.571429,182801672,20:44:39.536
4,211,13.333333,191734688,20:44:39.557
4,212,9.677419,209816176,20:44:39.576
4,213,13.157895,228440784,20:44:39.600
4,214,19.444444,247830328,20:44:39.623
4,215,20.588235,265773592,20:44:39.643
4,216,22.580645,283815912,20:44:39.663
4,217,16.129032,293887040,20:44:39.682
4,218,20.000000,311563856,20:44:39.705
4,219,18.181818,329126304,20:44:39.726
4,220,14.285714,341667168,20:44:39.747
5,0,0,0,20:44:48.345
5,1,0.000000,74993192,20:44:48.386
5,2,19.298246,80531504,20:44:48.424
5,3,23.255814,81803632,20:44:48.450
5,4,25.000000,82911944,20:44:48.470
5,5,27.906977,83171240,20:44:48.501
5,6,34.375000,85109528,20:44:48.524
5,7,20.930233,85263712,20:44:48.551
5,8,29.545455,87130944,20:44:48.580
5,9,24.528302,90106224,20:44:48.620
5,10,28.125000,91163552,20:44:48.661
5,11,41.176471,92939944,20:44:48.674
5,12,27.083333,94827744,20:44:48.699
5,13,31.343284,95863576,20:44:48.740
5,14,29.870130,98575520,20:44:48.790
5,15,27.777778,101752760,20:44:48.816
5,16,24.193548,104951832,20:44:48.847
5,17,14.705882,110214640,20:44:48.872
5,18,20.754717,112085752,20:44:48.901
5,19,26.744186,115881608,20:44:48.959
5,20,24.675325,119161408,20:44:49.008
5,21,22.916667,122347104,20:44:49.040
5,22,24.242424,123298808,20:44:49.062
5,23,18.279570,126060048,20:44:49.123
5,24,15.151515,127852736,20:44:49.146
5,25,25.490196,130605560,20:44:49.173
5,26,23.750000,134146048,20:44:49.220
5,27,24.242424,137567968,20:44:49.242
5,28,23.913043,140192872,20:44:49.275
5,29,20.689655,141903736,20:44:49.293
5,30,16.666667,144809768,20:44:49.310
5,31,17.647059,152595760,20:44:49.327
5,32,20.689655,155241320,20:44:49.347
5,33,30.000000,160349200,20:44:49.373
5,34,28.571429,162056816,20:44:49.386
5,35,9.090909,165489736,20:44:49.397
5,36,12.903226,168312128,20:44:49.418
5,37,10.810811,172709280,20:44:49.440
5,38,13.157895,176170568,20:44:49.466
5,39,9.375000,179669712,20:44:49.481
5,40,21.212121,184615336,20:44:49.503
5,41,18.518519,187182488,20:44:49.520
5,42,12.500000,192043824,20:44:49.538
5,43,15.000000,194157200,20:44:49.552
5,44,19.354839,198082384,20:44:49.574
5,45,20.000000,203150776,20:44:49.590
5,46,15.000000,208770880,20:44:49.605
5,47,14.285714,212344504,20:44:49.621
5,48,25.925926,217942560,20:44:49.636
5,49,11.764706,222346112,20:44:49.660
5,50,14.285714,225843608,20:44:49.674
5,51,16.000000,231579992,20:44:49.689
5,52,13.513514,236688352,20:44:49.712
5,53,28.571429,240962360,20:44:49.723
5,54,11.764706,245435624,20:44:49.735
5,55,15.384615,250140352,20:44:49.749
5,56,9.523810,255750784,20:44:49.762
5,57,16.666667,259287704,20:44:49.775
5,58,10.714286,264619088,20:44:49.790
5,59,20.000000,67296208,20:44:49.808
5,60,13.043478,72960760,20:44:49.818
5,61,30.000000,79916624,20:44:49.831
5,62,11.764706,83859016,20:44:49.845
5,63,8.333333,89676688,20:44:49.859
5,64,9.090909,96246344,20:44:49.880
5,65,18.750000,102205384,20:44:49.894
5,66,13.793103,108890096,20:44:49.926
5,67,13.636364,114428872,20:44:49.939
5,68,17.647059,121330544,20:44:49.961
5,69,31.034483,127002864,20:44:49.979
5,70,25.000000,133126664,20:44:50.006
5,71,31.578947,137810184,20:44:50.019
5,72,27.272727,145075048,20:44:50.032
5,73,13.333333,150744440,20:44:50.044
5,74,9.677419,156940000,20:44:50.058
5,75,16.666667,164550616,20:44:50.074
5,76,8.888889,170945296,20:44:50.102
5,77,14.285714,176865744,20:44:50.114
5,78,3.846154,182911072,20:44:50.127
5,79,9.523810,190250392,20:44:50.142
5,80,12.121212,198105432,20:44:50.159
5,81,18.421053,204056192,20:44:50.184
5,82,11.538462,210052640,20:44:50.199
5,83,21.052632,217623760,20:44:50.212
5,84,15.384615,224674552,20:44:50.227
5,85,20.000000,230876704,20:44:50.242
5,86,10.000000,238674752,20:44:50.260
5,87,16.666667,247046808,20:44:50.280
5,88,21.052632,255951856,20:44:50.294
5,89,8.000000,261837048,20:44:50.308
5,90,21.052632,269672496,20:44:50.321
5,91,22.580645,73781240,20:44:50.343
5,92,11.111111,80287360,20:44:50.358
5,93,25.000000,87894856,20:44:50.374
5,94,13.043478,95086728,20:44:50.387
5,95,19.047619,102397568,20:44:50.406
5,96,12.000000,109181296,20:44:50.421
5,97,11.111111,116991640,20:44:50.440
5,98,9.375000,125424992,20:44:50.456
5,99,10.000000,133286760,20:44:50.470
5,100,9.090909,140752944,20:44:50.485
5,101,11.764706,148652072,20:44:50.505
5,102,13.043478,157318808,20:44:50.518
5,103,9.523810,166302776,20:44:50.531
5,104,11.111111,174187440,20:44:50.546
5,105,12.500000,181376960,20:44:50.560
5,106,13.636364,189666784,20:44:50.574
5,107,10.000000,196857952,20:44:50.588
5,108,16.666667,205903512,20:44:50.601
5,109,8.000000,214253544,20:44:50.613
5,110,11.538462,222488000,20:44:50.627
5,111,11.764706,230394056,20:44:50.640
5,112,11.111111,239502496,20:44:50.655
5,113,16.000000,247558464,20:44:50.671
5,114,15.151515,257214288,20:44:50.687
5,115,13.043478,268509696,20:44:50.703
5,116,20.833333,278473456,20:44:50.718
5,117,17.647059,287623680,20:44:50.738
5,118,16.666667,296157816,20:44:50.753
5,119,14.285714,305712576,20:44:50.772
5,120,16.129032,318265336,20:44:50.792
5,121,15.789474,327479392,20:44:50.812
5,122,27.586207,338104384,20:44:50.829
5,123,25.714286,74619512,20:44:50.851
5,124,22.580645,85181088,20:44:50.867
5,125,15.789474,96031576,20:44:50.881
5,126,9.677419,105739912,20:44:50.898
5,127,12.500000,115695336,20:44:50.914
5,128,14.285714,127224176,20:44:50.930
5,129,11.538462,136472104,20:44:50.945
5,130,10.344828,148478336,20:44:50.959
5,131,15.000000,158804272,20:44:50.974
5,132,11.111111,169363704,20:44:50.990
5,133,14.285714,180244240,20:44:51.004
5,134,11.538462,189897496,20:44:51.019
5,135,15.000000,199860328,20:44:51.035
5,136,9.677419,211977640,20:44:51.050
5,137,7.692308,221522936,20:44:51.065
5,138,14.285714,233383576,20:44:51.080
5,139,12.500000,243718888,20:44:51.095
5,140,14.814815,255621552,20:44:51.111
5,141,15.000000,264659712,20:44:51.125
5,142,19.047619,276895512,20:44:51.140
5,143,15.625000,289796760,20:44:51.157
5,144,16.666667,300595360,20:44:51.173
5,145,12.500000,310766960,20:44:51.189
5,146,22.727273,321759520,20:44:51.207
5,147,23.809524,334012688,20:44:51.223
5,148,17.948718,70799096,20:44:51.243
5,149,13.333333,82093576,20:44:51.262
5,150,10.344828,93909584,20:44:51.279
5,151,9.523810,105587432,20:44:51.295
5,152,14.285714,119385360,20:44:51.310
5,153,16.000000,132411112,20:44:51.326
5,154,13.043478,144770552,20:44:51.342
5,155,8.571429,157322672,20:44:51.360
5,156,12.820513,169909056,20:44:51.384
5,157,17.241379,182283608,20:44:51.401
5,158,10.000000,194636984,20:44:51.422
5,159,10.000000,207541280,20:44:51.441
5,160,9.523810,220163080,20:44:51.462
5,161,14.705882,233082448,20:44:51.482
5,162,10.344828,245900160,20:44:51.502
5,163,11.764706,258464904,20:44:51.522
5,164,10.810811,272031560,20:44:51.542
5,165,13.333333,284850120,20:44:51.558
5,166,13.636364,297376560,20:44:51.575
5,167,13.333333,310228136,20:44:51.596
5,168,15.000000,323093304,20:44:51.612
5,169,6.896552,336167376,20:44:51.629
5,170,12.000000,349737040,20:44:51.647
5,171,9.375000,363289200,20:44:51.668
5,172,11.111111,376513904,20:44:51.687
5,173,10.344828,391918904,20:44:51.708
5,174,10.344828,404185376,20:44:51.728
5,175,15.625000,418497544,20:44:51.749
5,176,15.151515,431158328,20:44:51.772
5,177,29.268293,75114168,20:44:51.796
5,178,18.181818,88524112,20:44:51.815
5,179,16.000000,101188224,20:44:51.832
5,180,14.285714,115854248,20:44:51.850
5,181,8.000000,128535240,20:44:51.867
5,182,10.714286,142960224,20:44:51.887
5,183,9.090909,156489760,20:44:51.906
5,184,8.333333,170108232,20:44:51.924
5,185,10.000000,184053504,20:44:51.942
5,186,5.555556,197678192,20:44:51.960
5,187,16.000000,212176352,20:44:51.977
5,188,10.000000,225892288,20:44:51.996
5,189,12.903226,240417808,20:44:52.016
5,190,10.000000,254578776,20:44:52.035
5,191,15.625000,268726648,20:44:52.057
5,192,11.538462,282848376,20:44:52.077
5,193,16.666667,297343008,20:44:52.097
5,194,9.375000,313751136,20:44:52.115
5,195,9.677419,327491064,20:44:52.134
5,196,8.823529,341885592,20:44:52.154
5,197,9.090909,358478648,20:44:52.173
5,198,8.571429,372011616,20:44:52.193
5,199,8.571429,385828776,20:44:52.213
5,200,14.634146,399771000,20:44:52.237
5,201,13.888889,413821104,20:44:52.261
5,202,24.444444,429861096,20:44:52.287
5,203,26.530612,83163160,20:44:52.322
5,204,18.181818,99999568,20:44:52.344
5,205,15.384615,109325952,20:44:52.370
5,206,13.888889,127075056,20:44:52.390
5,207,17.647059,144854008,20:44:52.412
5,208,16.129032,153960176,20:44:52.433
5,209,11.428571,171995528,20:44:52.453
5,210,11.764706,189182184,20:44:52.475
5,211,9.677419,198865848,20:44:52.496
5,212,9.090909,217007064,20:44:52.516
5,213,11.111111,236060776,20:44:52.538
5,214,13.157895,245884384,20:44:52.561
5,215,15.789474,264834832,20:44:52.583
5,216,14.705882,282421088,20:44:52.605
5,217,17.142857,296021728,20:44:52.626
5,218,18.518519,309911464,20:44:52.646
5,219,17.857143,327470576,20:44:52.666
5,220,15.151515,345696968,20:44:52.689
6,0,0,0,20:45:00.655
6,1,0.000000,79243104,20:45:00.701
6,2,30.612245,85027224,20:45:00.733
6,3,18.000000,86342968,20:45:00.756
6,4,21.212121,87446096,20:45:00.780
6,5,17.647059,87557344,20:45:00.793
6,6,14.666667,87774520,20:45:00.832
6,7,16.666667,89519576,20:45:00.855
6,8,24.242424,90547656,20:45:00.891
6,9,26.530612,91590800,20:45:00.925
6,10,27.419355,92575024,20:45:00.956
6,11,32.000000,95788056,20:45:00.987
6,12,36.734694,97429392,20:45:01.016
6,13,44.565217,100990120,20:45:01.076
6,14,44.897959,103016688,20:45:01.115
6,15,26.865672,107076872,20:45:01.148
6,16,27.586207,108092224,20:45:01.175
6,17,8.256881,118037912,20:45:01.240
6,18,18.750000,119821008,20:45:01.268
6,19,16.666667,122576472,20:45:01.301
6,20,17.647059,124379528,20:45:01.323
6,21,16.949153,126236808,20:45:01.364
6,22,30.303030,128022728,20:45:01.384
6,23,20.000000,131144536,20:45:01.395
6,24,35.294118,133826088,20:45:01.414
6,25,31.182796,136817136,20:45:01.471
6,26,27.692308,141837928,20:45:01.510
6,27,31.250000,145024312,20:45:01.523
6,28,27.083333,146820560,20:45:01.554
6,29,31.818182,150426256,20:45:01.576
6,30,44.117647,153052240,20:45:01.602
6,31,26.000000,158514416,20:45:01.627
6,32,37.500000,160576520,20:45:01.639
6,33,27.272727,164156264,20:45:01.662
6,34,13.333333,168244328,20:45:01.673
6,35,10.526316,172168448,20:45:01.684
6,36,20.588235,175597024,20:45:01.699
6,37,29.629630,182433920,20:45:01.723
6,38,21.428571,185827440,20:45:01.734
6,39,8.695652,189856520,20:45:01.758
6,40,11.764706,192398488,20:45:01.779
6,41,38.888889,195885304,20:45:01.792
6,42,12.903226,199345528,20:45:01.806
6,43,22.222222,202753568,20:45:01.819
6,44,8.163265,207747568,20:45:01.851
6,45,11.538462,212120752,20:45:01.868
6,46,11.764706,215553736,20:45:01.879
6,47,10.714286,221170160,20:45:01.898
6,48,33.333333,225375152,20:45:01.911
6,49,23.529412,228756592,20:45:01.924
6,50,10.000000,234360816,20:45:01.936
6,51,14.285714,238664240,20:45:01.954
6,52,6.521739,242254968,20:45:01.977
6,53,25.000000,245654368,20:45:01.990
6,54,13.636364,252945752,20:45:02.004
6,55,12.000000,257316056,20:45:02.017
6,56,15.789474,263787240,20:45:02.031
6,57,9.677419,268017424,20:45:02.051
6,58,25.925926,72974200,20:45:02.070
6,59,11.764706,77495680,20:45:02.082
6,60,15.384615,83185944,20:45:02.097
6,61,23.529412,87119208,20:45:02.109
6,62,18.750000,93588152,20:45:02.121
6,63,8.108108,100187168,20:45:02.147
6,64,23.529412,106540056,20:45:02.162
6,65,23.076923,111279456,20:45:02.179
6,66,25.000000,117169888,20:45:02.191
6,67,14.285714,123397008,20:45:02.202
6,68,16.666667,128162776,20:45:02.214
6,69,26.315789,135644216,20:45:02.229
6,70,16.666667,141215296,20:45:02.241
6,71,17.857143,148146128,20:45:02.260
6,72,6.666667,153128960,20:45:02.281
6,73,15.000000,159753760,20:45:02.293
6,74,17.647059,166773400,20:45:02.304
6,75,14.285714,172933840,20:45:02.322
6,76,5.000000,178918472,20:45:02.343
6,77,10.000000,187443960,20:45:02.355
6,78,16.000000,193327192,20:45:02.370
6,79,17.391304,199979424,20:45:02.382
6,80,15.384615,205992664,20:45:02.398
6,81,14.285714,213628624,20:45:02.411
6,82,16.666667,219676192,20:45:02.425
6,83,14.814815,226316144,20:45:02.443
6,84,17.647059,235029440,20:45:02.454
6,85,23.809524,242532344,20:45:02.467
6,86,23.809524,250404128,20:45:02.481
6,87,25.000000,256851152,20:45:02.495
6,88,12.903226,264474832,20:45:02.509
6,89,12.903226,270868552,20:45:02.527
6,90,23.076923,77203920,20:45:02.545
6,91,15.000000,82772624,20:45:02.559
6,92,9.090909,90141152,20:45:02.572
6,93,14.285714,95653488,20:45:02.589
6,94,10.000000,103092360,20:45:02.603
6,95,15.384615,111709528,20:45:02.618
6,96,7.894737,120146472,20:45:02.638
6,97,10.526316,127375256,20:45:02.650
6,98,7.407407,135003712,20:45:02.668
6,99,12.500000,141220040,20:45:02.681
6,100,22.727273,149013112,20:45:02.695
6,101,4.347826,156772600,20:45:02.708
6,102,23.529412,164188664,20:45:02.722
6,103,11.111111,170875312,20:45:02.738
6,104,10.000000,177898832,20:45:02.753
6,105,12.000000,187389832,20:45:02.767
6,106,18.750000,195249496,20:45:02.782
6,107,12.500000,203093120,20:45:02.797
6,108,8.695652,211726832,20:45:02.811
6,109,13.636364,220138392,20:45:02.825
6,110,12.000000,228799024,20:45:02.839
6,111,10.000000,236192720,20:45:02.852
6,112,15.000000,244396536,20:45:02.865
6,113,17.241379,253985288,20:45:02.880
6,114,10.344828,265831000,20:45:02.897
6,115,16.666667,274475304,20:45:02.911
6,116,10.526316,285632552,20:45:02.930
6,117,22.222222,294815024,20:45:02.944
6,118,13.333333,305067304,20:45:02.960
6,119,14.705882,314103520,20:45:02.978
6,120,25.000000,324291944,20:45:03.000
6,121,16.666667,333013072,20:45:03.021
6,122,27.777778,63944104,20:45:03.045
6,123,19.230769,78400048,20:45:03.060
6,124,18.181818,85935552,20:45:03.077
6,125,28.571429,97335064,20:45:03.092
6,126,14.285714,107561216,20:45:03.110
6,127,9.677419,117435600,20:45:03.128
6,128,18.181818,129818616,20:45:03.147
6,129,16.666667,140904920,20:45:03.163
6,130,10.000000,152216104,20:45:03.179
6,131,11.764706,161124400,20:45:03.194
6,132,9.375000,173129424,20:45:03.209
6,133,16.666667,182374496,20:45:03.224
6,134,13.043478,191925280,20:45:03.240
6,135,6.896552,202336912,20:45:03.256
6,136,21.052632,214107944,20:45:03.271
6,137,9.677419,224462928,20:45:03.286
6,138,10.000000,234856248,20:45:03.301
6,139,22.727273,248635952,20:45:03.315
6,140,13.043478,257901312,20:45:03.330
6,141,15.384615,270933848,20:45:03.346
6,142,18.181818,279457752,20:45:03.361
6,143,13.333333,291633304,20:45:03.378
6,144,7.407407,302953776,20:45:03.395
6,145,12.000000,311928024,20:45:03.410
6,146,22.222222,325020064,20:45:03.425
6,147,20.833333,336339248,20:45:03.442
6,148,25.490196,74382760,20:45:03.470
6,149,11.538462,87155664,20:45:03.486
6,150,8.000000,99411792,20:45:03.502
6,151,14.285714,113302296,20:45:03.519
6,152,17.500000,127007176,20:45:03.546
6,153,15.625000,138307864,20:45:03.566
6,154,15.384615,150795792,20:45:03.585
6,155,7.692308,160095744,20:45:03.602
6,156,12.500000,173308608,20:45:03.620
6,157,8.333333,186144808,20:45:03.637
6,158,10.344828,199264600,20:45:03.655
6,159,10.810811,211499728,20:45:03.679
6,160,10.714286,224942616,20:45:03.698
6,161,16.666667,237379152,20:45:03.716
6,162,7.692308,249796432,20:45:03.733
6,163,12.903226,262550208,20:45:03.753
6,164,15.151515,276214968,20:45:03.770
6,165,20.000000,288778744,20:45:03.788
6,166,11.111111,301652296,20:45:03.806
6,167,13.636364,314387400,20:45:03.822
6,168,9.375000,327564952,20:45:03.838
6,169,12.000000,340898720,20:45:03.856
6,170,7.407407,354080888,20:45:03.875
6,171,9.677419,367056800,20:45:03.894
6,172,9.090909,380916304,20:45:03.914
6,173,11.764706,394437568,20:45:03.934
6,174,19.354839,407243200,20:45:03.955
6,175,9.375000,419921128,20:45:03.977
6,176,8.823529,433505272,20:45:03.997
6,177,16.666667,66306224,20:45:04.027
6,178,7.407407,81918608,20:45:04.044
6,179,12.000000,94957704,20:45:04.062
6,180,10.256410,108385488,20:45:04.083
6,181,7.142857,122536104,20:45:04.101
6,182,10.714286,135817112,20:45:04.118
6,183,6.451613,149345592,20:45:04.135
6,184,12.500000,163255336,20:45:04.152
6,185,8.333333,177146056,20:45:04.169
6,186,8.333333,191042424,20:45:04.187
6,187,10.714286,205362304,20:45:04.205
6,188,7.692308,219363176,20:45:04.223
6,189,10.000000,233586832,20:45:04.241
6,190,10.714286,247243432,20:45:04.260
6,191,10.714286,260629088,20:45:04.280
6,192,16.666667,275384328,20:45:04.298
6,193,19.230769,292095336,20:45:04.318
6,194,10.344828,303759232,20:45:04.335
6,195,10.714286,318100464,20:45:04.353
6,196,9.375000,332293784,20:45:04.372
6,197,5.882353,346983192,20:45:04.393
6,198,9.375000,361515888,20:45:04.413
6,199,10.714286,375835176,20:45:04.432
6,200,15.789474,390488616,20:45:04.451
6,201,6.060606,405157680,20:45:04.469
6,202,7.692308,419853792,20:45:04.490
6,203,11.538462,440294032,20:45:04.509
6,204,22.580645,79339728,20:45:04.533
6,205,10.526316,89818024,20:45:04.557
6,206,7.500000,108679944,20:45:04.579
6,207,9.375000,119000800,20:45:04.600
6,208,11.764706,139041520,20:45:04.621
6,209,10.256410,153297336,20:45:04.641
6,210,7.500000,168422072,20:45:04.661
6,211,9.090909,182841592,20:45:04.681
6,212,9.375000,197509872,20:45:04.702
6,213,11.111111,213456488,20:45:04.721
6,214,14.285714,227832968,20:45:04.741
6,215,23.684211,243140016,20:45:04.765
6,216,25.000000,257975584,20:45:04.787
6,217,21.875000,272104768,20:45:04.808
6,218,23.333333,291210192,20:45:04.830
6,219,21.212121,306144160,20:45:04.854
6,220,17.647059,320402152,20:45:04.874
7,0,0,0,20:45:13.287
7,1,0.000000,79456360,20:45:13.326
7,2,25.000000,83522984,20:45:13.354
7,3,18.750000,86176656,20:45:13.384
7,4,24.137931,87337280,20:45:13.404
7,5,18.181818,87496952,20:45:13.421
7,6,22.580645,89356160,20:45:13.462
7,7,25.000000,89533392,20:45:13.483
7,8,22.807018,91354560,20:45:13.523
7,9,27.083333,93793752,20:45:13.555
7,10,35.526316,94837840,20:45:13.596
7,11,31.818182,95844448,20:45:13.645
7,12,44.262295,98682032,20:45:13.688
7,13,31.250000,101540832,20:45:13.737
7,14,69.230769,102524392,20:45:13.754
7,15,35.443038,108128728,20:45:13.804
7,16,15.625000,111255600,20:45:13.817
7,17,27.118644,117570384,20:45:13.862
7,18,29.032258,120274760,20:45:13.897
7,19,33.333333,125868160,20:45:13.960
7,20,34.375000,127715832,20:45:13.977
7,21,34.782609,129495664,20:45:14.009
7,22,34.782609,131304144,20:45:14.042
7,23,30.000000,133140536,20:45:14.071
7,24,20.588235,136541912,20:45:14.112
7,25,36.507937,140768256,20:45:14.155
7,26,29.032258,143323336,20:45:14.171
7,27,26.470588,145390320,20:45:14.193
7,28,31.578947,151098592,20:45:14.238
7,29,40.625000,153893152,20:45:14.265
7,30,20.454545,156571256,20:45:14.286
7,31,29.411765,161475928,20:45:14.305
7,32,12.903226,164139992,20:45:14.324
7,33,13.333333,168234248,20:45:14.349
7,34,11.111111,173081040,20:45:14.361
7,35,15.384615,175083760,20:45:14.370
7,36,20.000000,180016384,20:45:14.382
7,37,14.705882,184294672,20:45:14.396
7,38,25.000000,188888808,20:45:14.415
7,39,13.157895,191500672,20:45:14.436
7,40,26.666667,194996552,20:45:14.451
7,41,12.500000,198504152,20:45:14.472
7,42,10.000000,201875784,20:45:14.489
7,43,20.000000,206164736,20:45:14.515
7,44,7.407407,210606584,20:45:14.528
7,45,12.903226,216397896,20:45:14.546
7,46,16.666667,221363800,20:45:14.558
7,47,23.809524,224934832,20:45:14.570
7,48,14.285714,229694416,20:45:14.583
7,49,11.111111,233916304,20:45:14.600
7,50,18.181818,239038152,20:45:14.614
7,51,33.333333,242647272,20:45:14.630
7,52,9.523810,246006512,20:45:14.641
7,53,10.000000,251655448,20:45:14.662
7,54,12.000000,257537512,20:45:14.676
7,55,16.000000,261125416,20:45:14.696
7,56,16.666667,62417136,20:45:14.721
7,57,12.903226,72897528,20:45:14.740
7,58,20.000000,77388928,20:45:14.754
7,59,11.111111,82990648,20:45:14.767
7,60,16.666667,87724352,20:45:14.783
7,61,11.111111,94441712,20:45:14.798
7,62,8.333333,100296008,20:45:14.817
7,63,15.789474,105727824,20:45:14.829
7,64,11.111111,109998024,20:45:14.842
7,65,22.222222,116887544,20:45:14.870
7,66,25.000000,123098560,20:45:14.884
7,67,28.571429,128467952,20:45:14.895
7,68,14.285714,132813400,20:45:14.909
7,69,21.428571,140805496,20:45:14.920
7,70,30.769231,147398568,20:45:14.932
7,71,23.809524,151919120,20:45:14.945
7,72,14.285714,158858584,20:45:14.957
7,73,10.000000,163659744,20:45:14.970
7,74,6.250000,171262984,20:45:14.987
7,75,7.894737,178557880,20:45:15.013
7,76,15.000000,185479936,20:45:15.025
7,77,9.523810,191595896,20:45:15.037
7,78,21.428571,199040824,20:45:15.050
7,79,14.285714,205859960,20:45:15.062
7,80,23.809524,212219240,20:45:15.077
7,81,26.666667,218124544,20:45:15.090
7,82,17.391304,226294440,20:45:15.104
7,83,19.047619,233903512,20:45:15.116
7,84,26.666667,240587752,20:45:15.128
7,85,15.000000,246824944,20:45:15.140
7,86,13.043478,254586136,20:45:15.152
7,87,24.000000,262345048,20:45:15.166
7,88,13.043478,268881456,20:45:15.183
7,89,21.739130,74091976,20:45:15.200
7,90,13.043478,82765512,20:45:15.213
7,91,13.636364,89418320,20:45:15.226
7,92,9.090909,96189824,20:45:15.238
7,93,8.108108,102841680,20:45:15.262
7,94,23.529412,110488360,20:45:15.275
7,95,7.692308,117980840,20:45:15.289
7,96,25.000000,126048224,20:45:15.303
7,97,4.166667,133545416,20:45:15.316
7,98,23.529412,143100304,20:45:15.330
7,99,12.500000,147989320,20:45:15.344
7,100,7.407407,158163976,20:45:15.361
7,101,8.823529,164243968,20:45:15.379
7,102,17.647059,173088944,20:45:15.393
7,103,6.666667,182889400,20:45:15.412
7,104,7.142857,187760976,20:45:15.426
7,105,18.750000,199172552,20:45:15.442
7,106,6.666667,207947864,20:45:15.459
7,107,12.500000,212335552,20:45:15.472
7,108,16.666667,221615664,20:45:15.485
7,109,8.695652,231256472,20:45:15.498
7,110,12.500000,241385288,20:45:15.513
7,111,8.000000,251185880,20:45:15.529
7,112,21.052632,259967576,20:45:15.544
7,113,8.695652,270434488,20:45:15.561
7,114,7.894737,280070384,20:45:15.579
7,115,13.043478,289983128,20:45:15.594
7,116,16.666667,298929352,20:45:15.609
7,117,16.666667,308616880,20:45:15.627
7,118,16.666667,318556344,20:45:15.645
7,119,19.230769,329072816,20:45:15.663
7,120,19.230769,339294856,20:45:15.682
7,121,22.857143,349106896,20:45:15.701
7,122,18.918919,359043024,20:45:15.721
7,123,18.918919,369324912,20:45:15.744
7,124,11.538462,378422840,20:45:15.763
7,125,10.344828,390631824,20:45:15.783
7,126,14.285714,401250240,20:45:15.802
7,127,18.367347,69008832,20:45:15.829
7,128,16.666667,85880024,20:45:15.845
7,129,14.814815,96044024,20:45:15.860
7,130,15.789474,106921704,20:45:15.875
7,131,14.285714,118164992,20:45:15.891
7,132,2.857143,125961416,20:45:15.908
7,133,14.814815,137295040,20:45:15.924
7,134,11.538462,148413120,20:45:15.939
7,135,8.695652,159388960,20:45:15.956
7,136,13.043478,169435832,20:45:15.973
7,137,11.538462,179808976,20:45:15.988
7,138,12.000000,192332608,20:45:16.004
7,139,3.030303,202954592,20:45:16.019
7,140,15.789474,213716320,20:45:16.034
7,141,12.903226,224517280,20:45:16.053
7,142,20.588235,235049472,20:45:16.072
7,143,13.513514,246804672,20:45:16.090
7,144,8.333333,258471920,20:45:16.106
7,145,16.666667,272084880,20:45:16.122
7,146,14.705882,283342176,20:45:16.143
7,147,15.625000,297665216,20:45:16.163
7,148,16.666667,310132208,20:45:16.179
7,149,9.090909,321068976,20:45:16.204
7,150,8.823529,331408024,20:45:16.220
7,151,14.814815,342120520,20:45:16.238
7,152,18.518519,357309024,20:45:16.255
7,153,15.151515,370996904,20:45:16.274
7,154,15.384615,384666536,20:45:16.292
7,155,9.090909,394715040,20:45:16.309
7,156,10.000000,405475176,20:45:16.327
7,157,17.241379,79856576,20:45:16.361
7,158,10.256410,90484024,20:45:16.380
7,159,15.151515,104097528,20:45:16.399
7,160,12.500000,118953056,20:45:16.417
7,161,14.285714,128037936,20:45:16.434
7,162,12.903226,141649768,20:45:16.453
7,163,10.344828,157388808,20:45:16.471
7,164,11.764706,166927864,20:45:16.488
7,165,16.000000,181815344,20:45:16.505
7,166,11.111111,196389056,20:45:16.522
7,167,5.882353,205622800,20:45:16.538
7,168,15.384615,220407928,20:45:16.557
7,169,14.285714,235359288,20:45:16.574
7,170,10.714286,248410032,20:45:16.593
7,171,9.677419,259583856,20:45:16.611
7,172,11.764706,273857576,20:45:16.630
7,173,11.627907,288080400,20:45:16.650
7,174,17.241379,303200656,20:45:16.669
7,175,16.000000,316921144,20:45:16.687
7,176,14.285714,326041472,20:45:16.704
7,177,13.793103,344835680,20:45:16.722
7,178,14.705882,354897048,20:45:16.741
7,179,17.647059,373918040,20:45:16.761
7,180,7.500000,385307816,20:45:16.780
7,181,10.714286,402912496,20:45:16.800
7,182,11.538462,412629200,20:45:16.819
7,183,7.407407,426159360,20:45:16.838
7,184,10.000000,440064024,20:45:16.857
7,185,13.888889,454137376,20:45:16.880
7,186,8.108108,470260456,20:45:16.902
7,187,14.285714,484671384,20:45:16.924
7,188,10.810811,498541064,20:45:16.946
7,189,12.903226,512720656,20:45:16.968
7,190,7.317073,526074376,20:45:16.991
7,191,7.142857,540707384,20:45:17.017
7,192,15.151515,555130552,20:45:17.042
7,193,9.090909,570388888,20:45:17.064
7,194,12.820513,584299688,20:45:17.088
7,195,7.317073,597908216,20:45:17.111
7,196,7.692308,612811712,20:45:17.133
7,197,24.000000,80052248,20:45:17.161
7,198,7.142857,91149280,20:45:17.181
7,199,12.820513,109872016,20:45:17.203
7,200,20.689655,119676144,20:45:17.223
7,201,17.647059,139572632,20:45:17.244
7,202,17.500000,149636456,20:45:17.266
7,203,15.151515,168866240,20:45:17.288
7,204,17.241379,179180968,20:45:17.309
7,205,21.212121,199131888,20:45:17.334
7,206,14.285714,208923784,20:45:17.356
7,207,12.820513,228141656,20:45:17.377
7,208,13.157895,239906560,20:45:17.397
7,209,7.500000,258902568,20:45:17.418
7,210,15.151515,268540280,20:45:17.437
7,211,12.820513,288738584,20:45:17.460
7,212,17.647059,299864904,20:45:17.482
7,213,20.000000,331703208,20:45:17.503
7,214,20.588235,342349688,20:45:17.524
7,215,25.641026,361710904,20:45:17.547
7,216,15.625000,372953808,20:45:17.569
7,217,7.142857,392987648,20:45:17.589
7,218,11.111111,403431200,20:45:17.609
7,219,10.344828,424060832,20:45:17.629
7,220,10.714286,440820616,20:45:17.650
8,0,0,0,20:45:26.088
8,1,0.000000,75808432,20:45:26.129
8,2,16.923077,81629824,20:45:26.166
8,3,24.390244,84337456,20:45:26.196
8,4,20.000000,85390872,20:45:26.215
8,5,23.913043,85703296,20:45:26.243
8,6,41.379310,87631144,20:45:26.264
8,7,24.444444,87726688,20:45:26.292
8,8,22.666667,88749064,20:45:26.340
8,9,39.285714,90572280,20:45:26.357
8,10,34.615385,91717448,20:45:26.410
8,11,29.411765,92842984,20:45:26.447
8,12,35.087719,97402440,20:45:26.477
8,13,31.578947,100272832,20:45:26.536
8,14,40.625000,103735752,20:45:26.554
8,15,24.000000,105455992,20:45:26.577
8,16,16.666667,108695832,20:45:26.609
8,17,19.736842,115758408,20:45:26.664
8,18,23.913043,119928856,20:45:26.688
8,19,28.571429,124052400,20:45:26.716
8,20,17.910448,125953680,20:45:26.756
8,21,37.037037,127779616,20:45:26.780
8,22,26.666667,129530416,20:45:26.796
8,23,32.258065,132187864,20:45:26.818
8,24,27.586207,134099240,20:45:26.863
8,25,20.909091,136810616,20:45:26.927
8,26,14.285714,141758120,20:45:26.967
8,27,16.129032,144452048,20:45:26.990
8,28,18.750000,147124136,20:45:27.002
8,29,8.510638,150322792,20:45:27.029
8,30,11.594203,155417568,20:45:27.072
8,31,18.181818,158228080,20:45:27.101
8,32,20.000000,163637608,20:45:27.118
8,33,22.500000,167083840,20:45:27.150
8,34,25.000000,168800488,20:45:27.165
8,35,12.500000,172193536,20:45:27.188
8,36,21.212121,177842456,20:45:27.211
8,37,21.052632,182754632,20:45:27.225
8,38,20.000000,186438176,20:45:27.246
8,39,26.315789,189933968,20:45:27.264
8,40,17.857143,193883072,20:45:27.278
8,41,26.315789,197342952,20:45:27.291
8,42,20.000000,201685592,20:45:27.305
8,43,22.580645,206083944,20:45:27.325
8,44,7.692308,210956872,20:45:27.338
8,45,20.000000,214496584,20:45:27.353
8,46,15.384615,220277920,20:45:27.367
8,47,27.777778,223680960,20:45:27.380
8,48,17.647059,227879680,20:45:27.393
8,49,10.344828,234403312,20:45:27.410
8,50,13.636364,237902048,20:45:27.422
8,51,11.538462,241420032,20:45:27.438
8,52,18.750000,245162624,20:45:27.451
8,53,16.666667,250910064,20:45:27.464
8,54,13.636364,255437104,20:45:27.476
8,55,9.090909,260539240,20:45:27.490
8,56,13.636364,267609840,20:45:27.503
8,57,21.212121,71748392,20:45:27.518
8,58,18.181818,78328048,20:45:27.530
8,59,7.894737,84114408,20:45:27.550
8,60,25.000000,90877760,20:45:27.562
8,61,21.428571,96480176,20:45:27.575
8,62,9.090909,101901744,20:45:27.590
8,63,11.111111,107771408,20:45:27.607
8,64,14.893617,113393608,20:45:27.636
8,65,24.137931,117579968,20:45:27.664
8,66,25.000000,122325616,20:45:27.677
8,67,17.391304,127618448,20:45:27.693
8,68,21.428571,133385360,20:45:27.708
8,69,15.789474,139682936,20:45:27.722
8,70,27.027027,148150408,20:45:27.744
8,71,15.789474,153770320,20:45:27.757
8,72,18.750000,160639320,20:45:27.771
8,73,11.111111,165703744,20:45:27.789
8,74,8.108108,174435696,20:45:27.811
8,75,7.142857,179699832,20:45:27.828
8,76,17.647059,187826528,20:45:27.840
8,77,8.333333,193590312,20:45:27.859
8,78,16.666667,201576744,20:45:27.872
8,79,12.000000,206165088,20:45:27.889
8,80,19.047619,213815464,20:45:27.902
8,81,30.000000,220863640,20:45:27.915
8,82,16.000000,226730256,20:45:27.928
8,83,20.000000,236061256,20:45:27.942
8,84,21.052632,243530536,20:45:27.955
8,85,12.500000,250024768,20:45:27.969
8,86,9.523810,257132552,20:45:27.983
8,87,21.052632,263121872,20:45:27.995
8,88,10.000000,270963872,20:45:28.023
8,89,25.000000,76643792,20:45:28.041
8,90,8.000000,81189784,20:45:28.057
8,91,17.391304,90134624,20:45:28.073
8,92,8.333333,94595072,20:45:28.086
8,93,13.636364,103514816,20:45:28.105
8,94,13.888889,108859472,20:45:28.123
8,95,13.043478,118097600,20:45:28.138
8,96,18.750000,123847496,20:45:28.154
8,97,6.896552,135348000,20:45:28.167
8,98,10.256410,142622080,20:45:28.195
8,99,11.111111,150654224,20:45:28.209
8,100,12.500000,157672752,20:45:28.221
8,101,9.090909,165145032,20:45:28.234
8,102,6.250000,174065584,20:45:28.250
8,103,11.111111,181321768,20:45:28.266
8,104,13.333333,190117648,20:45:28.282
8,105,19.047619,198288672,20:45:28.295
8,106,12.500000,204916304,20:45:28.308
8,107,8.695652,214681464,20:45:28.320
8,108,12.500000,221953088,20:45:28.335
8,109,4.000000,230871072,20:45:28.352
8,110,11.111111,242617656,20:45:28.368
8,111,13.636364,249523000,20:45:28.382
8,112,10.714286,261605000,20:45:28.396
8,113,16.666667,271562640,20:45:28.413
8,114,20.000000,280805192,20:45:28.428
8,115,15.000000,290568792,20:45:28.444
8,116,15.625000,299648384,20:45:28.459
8,117,17.857143,308576544,20:45:28.477
8,118,16.666667,319641360,20:45:28.495
8,119,17.241379,330605040,20:45:28.515
8,120,12.244898,339965008,20:45:28.541
8,121,15.151515,349673632,20:45:28.558
8,122,17.857143,360995760,20:45:28.577
8,123,12.000000,371123152,20:45:28.593
8,124,12.000000,382463480,20:45:28.609
8,125,11.111111,393684368,20:45:28.627
8,126,9.677419,402759328,20:45:28.647
8,127,28.571429,64518328,20:45:28.673
8,128,10.000000,83265712,20:45:28.688
8,129,16.666667,91185768,20:45:28.703
8,130,10.714286,101774672,20:45:28.718
8,131,10.526316,112834216,20:45:28.734
8,132,11.428571,123617920,20:45:28.749
8,133,11.111111,134506856,20:45:28.765
8,134,13.636364,146752568,20:45:28.780
8,135,13.043478,157837208,20:45:28.796
8,136,17.391304,168015312,20:45:28.813
8,137,17.857143,176855712,20:45:28.828
8,138,12.000000,188322432,20:45:28.843
8,139,20.000000,198547664,20:45:28.858
8,140,22.222222,209911584,20:45:28.873
8,141,11.111111,220425304,20:45:28.888
8,142,15.151515,231517368,20:45:28.906
8,143,20.000000,243130368,20:45:28.922
8,144,20.000000,254032832,20:45:28.938
8,145,8.695652,266077640,20:45:28.953
8,146,11.111111,276894360,20:45:28.969
8,147,15.789474,288327624,20:45:28.985
8,148,21.739130,301851040,20:45:29.000
8,149,16.129032,317283136,20:45:29.017
8,150,14.814815,329679216,20:45:29.034
8,151,7.407407,341559504,20:45:29.051
8,152,7.317073,352278696,20:45:29.069
8,153,16.666667,363019808,20:45:29.088
8,154,9.677419,377766040,20:45:29.106
8,155,15.000000,389783224,20:45:29.122
8,156,15.625000,401140008,20:45:29.142
8,157,24.489796,67738136,20:45:29.172
8,158,12.500000,87231200,20:45:29.194
8,159,18.750000,96740984,20:45:29.213
8,160,16.129032,106418256,20:45:29.232
8,161,15.151515,124983504,20:45:29.252
8,162,7.142857,134214928,20:45:29.269
8,163,12.500000,143963480,20:45:29.286
8,164,12.903226,161898024,20:45:29.307
8,165,20.833333,171905664,20:45:29.325
8,166,10.256410,181663864,20:45:29.343
8,167,12.121212,201604544,20:45:29.361
8,168,7.407407,212793776,20:45:29.377
8,169,11.111111,223280152,20:45:29.395
8,170,12.195122,241743016,20:45:29.417
8,171,15.384615,250990952,20:45:29.436
8,172,11.111111,260324184,20:45:29.454
8,173,7.407407,280004088,20:45:29.471
8,174,9.523810,290788920,20:45:29.490
8,175,12.903226,301625296,20:45:29.511
8,176,15.151515,321382696,20:45:29.527
8,177,13.793103,330476816,20:45:29.545
8,178,15.384615,348391632,20:45:29.563
8,179,13.157895,358495176,20:45:29.584
8,180,15.151515,368611424,20:45:29.604
8,181,8.571429,389724176,20:45:29.626
8,182,9.523810,399258120,20:45:29.643
8,183,9.677419,413650776,20:45:29.660
8,184,11.111111,428034640,20:45:29.680
8,185,10.000000,441950984,20:45:29.699
8,186,12.500000,456106120,20:45:29.722
8,187,12.500000,471194320,20:45:29.744
8,188,10.000000,484792464,20:45:29.766
8,189,16.129032,498077672,20:45:29.789
8,190,7.692308,514341392,20:45:29.810
8,191,8.571429,529201864,20:45:29.831
8,192,7.894737,538789392,20:45:29.853
8,193,10.526316,557584448,20:45:29.876
8,194,10.344828,567700488,20:45:29.895
8,195,8.108108,586164816,20:45:29.916
8,196,9.090909,595799648,20:45:29.937
8,197,7.500000,614931032,20:45:29.960
8,198,13.793103,625691912,20:45:29.980
8,199,23.913043,86632576,20:45:30.007
8,200,15.625000,96129360,20:45:30.031
8,201,15.000000,116158424,20:45:30.054
8,202,18.421053,126100488,20:45:30.076
8,203,17.647059,146576424,20:45:30.098
8,204,15.625000,156586512,20:45:30.119
8,205,16.216216,176468200,20:45:30.144
8,206,14.705882,187083632,20:45:30.163
8,207,20.588235,202540256,20:45:30.184
8,208,15.789474,218605176,20:45:30.207
8,209,12.500000,229382752,20:45:30.228
8,210,10.526316,249080184,20:45:30.247
8,211,12.500000,259138824,20:45:30.272
8,212,11.428571,279036384,20:45:30.295
8,213,13.157895,290762520,20:45:30.316
8,214,17.142857,312180424,20:45:30.336
8,215,16.216216,322921696,20:45:30.361
8,216,16.666667,342914616,20:45:30.382
8,217,14.285714,352889160,20:45:30.403
8,218,18.750000,373467200,20:45:30.422
8,219,16.129032,383715104,20:45:30.443
8,220,9.375000,404049512,20:45:30.463
9,0,0,0,20:45:39.196
9,1,0.000000,82030024,20:45:39.237
9,2,18.000000,84637856,20:45:39.266
9,3,29.411765,85735168,20:45:39.284
9,4,27.659574,87105296,20:45:39.315
9,5,16.363636,87445456,20:45:39.348
9,6,69.230769,89245520,20:45:39.362
9,7,25.000000,89397184,20:45:39.385
9,8,21.250000,91216688,20:45:39.426
9,9,26.666667,93523912,20:45:39.460
9,10,31.506849,94671608,20:45:39.509
9,11,36.666667,95660328,20:45:39.531
9,12,40.000000,99803424,20:45:39.561
9,13,34.375000,102570608,20:45:39.601
9,14,29.032258,105893968,20:45:39.647
9,15,26.530612,107687384,20:45:39.671
9,16,22.448980,109466048,20:45:39.698
9,17,26.086957,115702840,20:45:39.735
9,18,21.875000,117616720,20:45:39.773
9,19,27.419355,121126544,20:45:39.809
9,20,22.222222,125787608,20:45:39.847
9,21,30.000000,129023520,20:45:39.879
9,22,31.746032,131804544,20:45:39.925
9,23,23.404255,132715672,20:45:39.954
9,24,17.582418,136737000,20:45:40.011
9,25,32.258065,142180976,20:45:40.033
9,26,14.062500,145045528,20:45:40.071
9,27,14.814815,148653760,20:45:40.087
9,28,9.090909,150529296,20:45:40.113
9,29,9.677419,153063840,20:45:40.127
9,30,13.793103,156737832,20:45:40.147
9,31,15.151515,160815144,20:45:40.168
9,32,20.000000,162779272,20:45:40.187
9,33,23.529412,166197528,20:45:40.201
9,34,20.754717,170450536,20:45:40.232
9,35,28.571429,174454784,20:45:40.251
9,36,21.428571,177841712,20:45:40.268
9,37,22.448980,183995624,20:45:40.296
9,38,22.222222,186567296,20:45:40.309
9,39,19.230769,191459752,20:45:40.344
9,40,21.875000,195013888,20:45:40.358
9,41,23.076923,198489480,20:45:40.372
9,42,16.666667,203439864,20:45:40.386
9,43,29.411765,206351808,20:45:40.400
9,44,11.764706,212142544,20:45:40.421
9,45,11.764706,216480136,20:45:40.441
9,46,21.428571,219409408,20:45:40.461
9,47,25.000000,223690456,20:45:40.473
9,48,13.333333,227208248,20:45:40.494
9,49,8.333333,231463624,20:45:40.506
9,50,17.647059,238557920,20:45:40.532
9,51,20.833333,242829616,20:45:40.546
9,52,17.647059,247822392,20:45:40.558
9,53,15.789474,251212304,20:45:40.572
9,54,11.111111,257254184,20:45:40.589
9,55,16.666667,260929496,20:45:40.605
9,56,20.000000,61384800,20:45:40.623
9,57,16.666667,70114384,20:45:40.635
9,58,15.384615,74820976,20:45:40.646
9,59,12.500000,81368336,20:45:40.657
9,60,14.285714,85120496,20:45:40.672
9,61,23.076923,91671304,20:45:40.683
9,62,15.000000,97264584,20:45:40.697
9,63,15.789474,104620344,20:45:40.710
9,64,8.333333,110464288,20:45:40.725
9,65,22.580645,115864392,20:45:40.739
9,66,18.181818,121300688,20:45:40.757
9,67,11.111111,127992816,20:45:40.772
9,68,15.151515,134018752,20:45:40.788
9,69,10.000000,138881968,20:45:40.800
9,70,16.666667,146774064,20:45:40.813
9,71,24.000000,152792384,20:45:40.827
9,72,33.333333,158589640,20:45:40.838
9,73,13.043478,165539016,20:45:40.851
9,74,12.500000,172811912,20:45:40.867
9,75,10.000000,178837184,20:45:40.885
9,76,9.090909,186245576,20:45:40.896
9,77,18.750000,192646560,20:45:40.907
9,78,9.523810,199203160,20:45:40.919
9,79,16.666667,205101368,20:45:40.930
9,80,22.727273,212511528,20:45:40.943
9,81,23.809524,218881752,20:45:40.956
9,82,33.333333,226207264,20:45:40.969
9,83,19.047619,235649488,20:45:40.982
9,84,37.500000,242425912,20:45:40.995
9,85,11.538462,249266056,20:45:41.007
9,86,27.777778,255795592,20:45:41.020
9,87,21.428571,263330808,20:45:41.043
9,88,20.833333,270042504,20:45:41.063
9,89,28.571429,73925352,20:45:41.080
9,90,14.285714,81116960,20:45:41.092
9,91,21.052632,88871000,20:45:41.104
9,92,9.523810,96066328,20:45:41.117
9,93,15.000000,102325288,20:45:41.128
9,94,11.538462,108789864,20:45:41.142
9,95,13.333333,117231816,20:45:41.154
9,96,10.344828,125387864,20:45:41.169
9,97,15.000000,134645456,20:45:41.182
9,98,11.111111,141840880,20:45:41.201
9,99,17.647059,149036112,20:45:41.215
9,100,12.500000,157326200,20:45:41.229
9,101,11.111111,167033344,20:45:41.243
9,102,9.677419,174502680,20:45:41.260
9,103,9.375000,182437632,20:45:41.277
9,104,17.647059,190084520,20:45:41.294
9,105,10.000000,197380592,20:45:41.309
9,106,15.789474,207048384,20:45:41.323
9,107,10.344828,216181200,20:45:41.336
9,108,7.142857,223467336,20:45:41.359
9,109,15.000000,232915008,20:45:41.372
9,110,9.090909,241526048,20:45:41.386
9,111,17.647059,250388008,20:45:41.400
9,112,8.695652,260761832,20:45:41.415
9,113,15.384615,271171544,20:45:41.428
9,114,13.043478,280759072,20:45:41.445
9,115,20.833333,294051568,20:45:41.460
9,116,20.689655,301804256,20:45:41.476
9,117,16.000000,310166152,20:45:41.495
9,118,18.518519,321320624,20:45:41.512
9,119,19.230769,330238760,20:45:41.529
9,120,15.384615,343225984,20:45:41.547
9,121,20.000000,74545976,20:45:41.569
9,122,25.000000,83321200,20:45:41.585
9,123,19.230769,93647576,20:45:41.600
9,124,13.333333,105186432,20:45:41.616
9,125,13.043478,116542808,20:45:41.634
9,126,10.810811,126070640,20:45:41.657
9,127,15.000000,135341968,20:45:41.673
9,128,8.333333,148073040,20:45:41.695
9,129,20.833333,159836416,20:45:41.711
9,130,6.666667,169388160,20:45:41.726
9,131,15.000000,180818432,20:45:41.742
9,132,11.111111,192311544,20:45:41.758
9,133,9.090909,201219072,20:45:41.772
9,134,14.814815,211612496,20:45:41.788
9,135,18.181818,223831304,20:45:41.804
9,136,16.000000,233459704,20:45:41.819
9,137,25.000000,244510336,20:45:41.834
9,138,7.692308,256762512,20:45:41.849
9,139,13.043478,268636112,20:45:41.863
9,140,15.384615,278241016,20:45:41.879
9,141,19.354839,289413432,20:45:41.896
9,142,20.000000,299466072,20:45:41.912
9,143,11.111111,312327200,20:45:41.928
9,144,11.538462,321519728,20:45:41.943
9,145,17.241379,333783712,20:45:41.959
9,146,43.333333,65067264,20:45:41.983
9,147,21.875000,80950544,20:45:42.000
9,148,16.666667,93713496,20:45:42.016
9,149,18.181818,106381664,20:45:42.033
9,150,16.129032,116270480,20:45:42.052
9,151,15.384615,128790584,20:45:42.074
9,152,14.814815,142213968,20:45:42.091
9,153,5.714286,154401048,20:45:42.109
9,154,11.111111,168205472,20:45:42.128
9,155,12.000000,179923192,20:45:42.146
9,156,10.000000,192598696,20:45:42.163
9,157,11.111111,204988376,20:45:42.180
9,158,14.285714,217947264,20:45:42.200
9,159,16.000000,230551352,20:45:42.218
9,160,15.789474,243576304,20:45:42.235
9,161,6.451613,255926616,20:45:42.254
9,162,13.793103,269029544,20:45:42.273
9,163,8.823529,282266440,20:45:42.291
9,164,13.793103,294724688,20:45:42.309
9,165,14.285714,308043568,20:45:42.329
9,166,20.833333,321324920,20:45:42.347
9,167,14.285714,333507392,20:45:42.365
9,168,8.333333,346995808,20:45:42.382
9,169,11.111111,363240192,20:45:42.400
9,170,10.344828,376211440,20:45:42.419
9,171,10.344828,391674464,20:45:42.439
9,172,13.333333,404813544,20:45:42.459
9,173,17.241379,418214832,20:45:42.481
9,174,11.538462,431175552,20:45:42.499
9,175,16.666667,74828784,20:45:42.521
9,176,9.375000,88294504,20:45:42.538
9,177,8.000000,101429408,20:45:42.556
9,178,13.636364,115623064,20:45:42.573
9,179,6.451613,129132024,20:45:42.592
9,180,9.090909,142133984,20:45:42.609
9,181,12.500000,159221352,20:45:42.627
9,182,6.666667,169668160,20:45:42.644
9,183,10.714286,184150104,20:45:42.662
9,184,6.060606,198315016,20:45:42.681
9,185,9.375000,211927408,20:45:42.698
9,186,12.500000,225431496,20:45:42.717
9,187,10.344828,239515264,20:45:42.735
9,188,14.814815,253542968,20:45:42.753
9,189,10.714286,268456776,20:45:42.771
9,190,7.407407,284861048,20:45:42.789
9,191,16.000000,298393672,20:45:42.807
9,192,19.230769,312567904,20:45:42.825
9,193,6.666667,326846984,20:45:42.843
9,194,10.000000,340636336,20:45:42.864
9,195,10.000000,354378400,20:45:42.882
9,196,7.500000,371724928,20:45:42.900
9,197,11.538462,384277496,20:45:42.918
9,198,15.384615,397971000,20:45:42.937
9,199,14.285714,411386152,20:45:42.958
9,200,15.625000,428108240,20:45:42.978
9,201,37.777778,77749232,20:45:43.009
9,202,17.142857,91757128,20:45:43.030
9,203,19.230769,104749168,20:45:43.049
9,204,15.625000,118651608,20:45:43.073
9,205,13.513514,136291664,20:45:43.095
9,206,17.073171,149523872,20:45:43.120
9,207,19.230769,163260560,20:45:43.140
9,208,10.344828,181393752,20:45:43.160
9,209,9.677419,195308136,20:45:43.180
9,210,13.157895,208263280,20:45:43.202
9,211,10.256410,226068232,20:45:43.223
9,212,17.142857,239984368,20:45:43.245
9,213,19.444444,254370256,20:45:43.268
9,214,18.918919,272173312,20:45:43.293
9,215,15.151515,286163784,20:45:43.313
9,216,9.375000,299913016,20:45:43.333
9,217,12.500000,318227968,20:45:43.354
9,218,15.151515,336136192,20:45:43.375
9,219,12.121212,346039776,20:45:43.395
9,220,10.000000,364317176,20:45:43.415
10,0,0,0,20:45:51.623
10,1,0.000000,71378112,20:45:51.660
10,2,27.659574,79239000,20:45:51.693
10,3,22.222222,81728048,20:45:51.715
10,4,18.333333,83070696,20:45:51.749
10,5,33.333333,83219416,20:45:51.766
10,6,27.450980,85146992,20:45:51.802
10,7,23.529412,85213104,20:45:51.824
10,8,22.727273,87091640,20:45:51.865
10,9,22.000000,88020296,20:45:51.892
10,10,32.608696,90070792,20:45:51.949
10,11,54.545455,94770200,20:45:51.983
10,12,39.393939,96263592,20:45:51.998
10,13,39.080460,100534104,20:45:52.059
10,14,42.622951,103399952,20:45:52.100
10,15,24.050633,105411016,20:45:52.152
10,16,20.000000,110150848,20:45:52.185
10,17,12.698413,116135624,20:45:52.216
10,18,22.580645,118746928,20:45:52.244
10,19,22.222222,121307560,20:45:52.267
10,20,29.032258,123209360,20:45:52.291
10,21,25.000000,126690960,20:45:52.325
10,22,23.333333,127647912,20:45:52.340
10,23,35.555556,130867304,20:45:52.369
10,24,20.588235,132616936,20:45:52.394
10,25,23.404255,135168000,20:45:52.420
10,26,22.500000,141108544,20:45:52.470
10,27,28.125000,145685360,20:45:52.487
10,28,25.000000,148424848,20:45:52.507
10,29,27.777778,150390280,20:45:52.523
10,30,12.765957,154683800,20:45:52.548
10,31,17.647059,158020424,20:45:52.572
10,32,14.285714,161522888,20:45:52.590
10,33,27.272727,164158912,20:45:52.613
10,34,29.629630,166922752,20:45:52.631
10,35,39.285714,169625704,20:45:52.653
10,36,14.285714,174640360,20:45:52.666
10,37,27.777778,179935992,20:45:52.682
10,38,19.354839,182804184,20:45:52.702
10,39,23.404255,188549560,20:45:52.734
10,40,17.241379,191932928,20:45:52.768
10,41,25.000000,195903392,20:45:52.788
10,42,20.000000,200793672,20:45:52.813
10,43,25.806452,204495488,20:45:52.832
10,44,18.518519,210235432,20:45:52.848
10,45,17.647059,214578760,20:45:52.860
10,46,25.000000,218122816,20:45:52.874
10,47,17.857143,223930928,20:45:52.890
10,48,23.333333,227446712,20:45:52.909
10,49,25.000000,230413928,20:45:52.921
10,50,33.333333,233321664,20:45:52.932
10,51,19.354839,237581728,20:45:52.949
10,52,9.523810,241218280,20:45:52.960
10,53,17.647059,246275488,20:45:52.973
10,54,11.111111,251506904,20:45:52.988
10,55,13.043478,257669688,20:45:53.001
10,56,15.000000,263269632,20:45:53.013
10,57,22.222222,65371784,20:45:53.036
10,58,13.043478,71457336,20:45:53.049
10,59,12.000000,76265944,20:45:53.069
10,60,9.677419,81143208,20:45:53.086
10,61,9.523810,85899776,20:45:53.098
10,62,11.764706,92758104,20:45:53.110
10,63,17.647059,98225432,20:45:53.122
10,64,20.000000,104898400,20:45:53.134
10,65,19.354839,112711808,20:45:53.154
10,66,11.538462,117552248,20:45:53.171
10,67,7.692308,122881792,20:45:53.189
10,68,17.647059,129277856,20:45:53.202
10,69,16.666667,135949552,20:45:53.215
10,70,7.407407,140549056,20:45:53.227
10,71,11.764706,147883728,20:45:53.247
10,72,13.636364,155584904,20:45:53.265
10,73,12.000000,160287592,20:45:53.278
10,74,18.750000,168033696,20:45:53.315
10,75,14.285714,173367160,20:45:53.339
10,76,10.526316,180652328,20:45:53.354
10,77,11.111111,189152064,20:45:53.371
10,78,18.518519,196568288,20:45:53.395
10,79,18.518519,202588544,20:45:53.410
10,80,19.047619,209639960,20:45:53.424
10,81,15.384615,216057568,20:45:53.444
10,82,16.666667,223164016,20:45:53.459
10,83,23.529412,231061200,20:45:53.473
10,84,12.000000,238169568,20:45:53.487
10,85,38.888889,246983232,20:45:53.501
10,86,20.000000,254622544,20:45:53.525
10,87,6.896552,261814944,20:45:53.539
10,88,16.666667,268091808,20:45:53.554
10,89,28.846154,69592920,20:45:53.584
10,90,19.047619,77364848,20:45:53.597
10,91,10.000000,83896128,20:45:53.610
10,92,14.285714,91327192,20:45:53.625
10,93,15.384615,98725768,20:45:53.639
10,94,12.500000,107014936,20:45:53.652
10,95,25.000000,113957136,20:45:53.665
10,96,8.695652,122222336,20:45:53.678
10,97,19.047619,130239744,20:45:53.692
10,98,5.555556,137293304,20:45:53.705
10,99,18.181818,146365752,20:45:53.720
10,100,15.789474,154395936,20:45:53.735
10,101,10.714286,162883736,20:45:53.751
10,102,9.677419,171631416,20:45:53.768
10,103,10.714286,179147472,20:45:53.786
10,104,17.647059,187305824,20:45:53.803
10,105,10.000000,195889768,20:45:53.821
10,106,7.317073,204801912,20:45:53.848
10,107,17.647059,214354712,20:45:53.864
10,108,11.538462,223195488,20:45:53.879
10,109,8.000000,233395304,20:45:53.895
10,110,16.666667,243258904,20:45:53.913
10,111,19.354839,251990248,20:45:53.932
10,112,15.151515,262177168,20:45:53.949
10,113,7.692308,271020560,20:45:53.965
10,114,10.714286,282681912,20:45:53.984
10,115,9.090909,291358488,20:45:53.999
10,116,16.666667,301907528,20:45:54.016
10,117,15.384615,310847304,20:45:54.035
10,118,18.181818,72633152,20:45:54.061
10,119,20.689655,81510000,20:45:54.078
10,120,23.076923,91748848,20:45:54.096
10,121,15.000000,102071904,20:45:54.111
10,122,12.500000,110900864,20:45:54.127
10,123,16.666667,121474232,20:45:54.141
10,124,8.000000,132573512,20:45:54.156
10,125,14.285714,142326824,20:45:54.171
10,126,14.285714,152400520,20:45:54.189
10,127,17.647059,165855208,20:45:54.205
10,128,14.285714,176391352,20:45:54.223
10,129,12.500000,187582328,20:45:54.241
10,130,12.121212,197436752,20:45:54.258
10,131,10.526316,208114456,20:45:54.275
10,132,12.903226,219295368,20:45:54.291
10,133,13.793103,230258760,20:45:54.309
10,134,16.666667,241158696,20:45:54.326
10,135,15.000000,251653904,20:45:54.341
10,136,12.500000,262848944,20:45:54.356
10,137,15.000000,273454328,20:45:54.371
10,138,13.333333,284249248,20:45:54.387
10,139,22.727273,296710616,20:45:54.405
10,140,27.586207,306305112,20:45:54.422
10,141,25.714286,64820968,20:45:54.444
10,142,6.666667,78070696,20:45:54.459
10,143,14.285714,93155240,20:45:54.475
10,144,7.692308,104431736,20:45:54.493
10,145,13.793103,114912504,20:45:54.512
10,146,9.090909,126413840,20:45:54.530
10,147,10.000000,141733432,20:45:54.550
10,148,7.894737,154231048,20:45:54.571
10,149,11.764706,164266784,20:45:54.590
10,150,11.428571,179969624,20:45:54.610
10,151,9.677419,191161816,20:45:54.629
10,152,8.823529,203000088,20:45:54.650
10,153,8.695652,218331816,20:45:54.667
10,154,10.344828,230079240,20:45:54.684
10,155,20.000000,240505664,20:45:54.704
10,156,21.212121,256608616,20:45:54.724
10,157,25.581395,268649912,20:45:54.748
10,158,20.454545,280137408,20:45:54.776
10,159,12.121212,293328136,20:45:54.799
10,160,11.111111,306163336,20:45:54.819
10,161,9.677419,317395792,20:45:54.839
10,162,8.571429,330781440,20:45:54.862
10,163,16.666667,343823984,20:45:54.885
10,164,16.279070,357299584,20:45:54.908
10,165,10.526316,371884440,20:45:54.929
10,166,22.857143,79176784,20:45:54.955
10,167,18.518519,92366480,20:45:54.973
10,168,9.677419,104777208,20:45:54.992
10,169,10.344828,118534376,20:45:55.011
10,170,12.500000,132420000,20:45:55.028
10,171,9.677419,146416824,20:45:55.046
10,172,20.833333,160615008,20:45:55.065
10,173,13.513514,172385064,20:45:55.087
10,174,18.181818,186934080,20:45:55.106
10,175,17.391304,200568256,20:45:55.125
10,176,15.625000,214141736,20:45:55.144
10,177,16.666667,228855080,20:45:55.164
10,178,12.903226,240311208,20:45:55.182
10,179,16.666667,256755248,20:45:55.200
10,180,8.000000,267657824,20:45:55.218
10,181,9.375000,284681464,20:45:55.236
10,182,8.695652,295886680,20:45:55.254
10,183,9.677419,312066672,20:45:55.273
10,184,12.903226,323464016,20:45:55.292
10,185,7.894737,339754600,20:45:55.310
10,186,7.692308,352130032,20:45:55.329
10,187,11.538462,368416288,20:45:55.348
10,188,22.580645,75432432,20:45:55.372
10,189,12.500000,89554248,20:45:55.392
10,190,10.344828,103590624,20:45:55.411
10,191,5.555556,118130720,20:45:55.432
10,192,9.090909,131977440,20:45:55.451
10,193,8.108108,146805264,20:45:55.470
10,194,11.111111,160926616,20:45:55.489
10,195,10.714286,176184184,20:45:55.509
10,196,11.111111,189994960,20:45:55.529
10,197,13.333333,207320608,20:45:55.550
10,198,19.444444,222257976,20:45:55.570
10,199,13.157895,235872360,20:45:55.592
10,200,13.513514,251254512,20:45:55.612
10,201,16.666667,265886352,20:45:55.635
10,202,17.647059,280889008,20:45:55.656
10,203,20.000000,295402432,20:45:55.678
10,204,21.428571,310135928,20:45:55.699
10,205,17.647059,324678784,20:45:55.724
10,206,13.636364,339008448,20:45:55.748
10,207,12.500000,353909128,20:45:55.771
10,208,15.384615,371465680,20:45:55.796
10,209,8.108108,385072944,20:45:55.817
10,210,9.677419,402137816,20:45:55.838
10,211,16.666667,415920568,20:45:55.861
10,212,14.000000,430857800,20:45:55.889
10,213,31.578947,78665296,20:45:55.916
10,214,10.714286,93290880,20:45:55.936
10,215,12.500000,108536400,20:45:55.957
10,216,13.888889,124029432,20:45:55.978
10,217,10.000000,138651960,20:45:56.000
10,218,10.000000,154567376,20:45:56.022
10,219,11.111111,173724256,20:45:56.044
10,220,7.500000,188921120,20:45:56.066
